cfg_scale,cut_npe,cut_firsttime,n_runs,mean_ers_score,mean_npe_log_mae,mean_time_mae,mean_active_dom_iou,fpd_like,cov_err,sep_power_npe,sep_power_time,mean_ers_term_npe_log,mean_ers_term_time_mae_norm,mean_ers_term_iou_penalty,mean_ers_term_npe_w1_norm,mean_ers_term_time_w1_norm,mean_ers_contrib_npe_log,mean_ers_contrib_time_mae_norm,mean_ers_contrib_iou_penalty,mean_ers_contrib_npe_w1_norm,mean_ers_contrib_time_w1_norm
0.0,0.0,0.0,80,0.9549009912060802,0.09921805278863757,1533.905289422898,0.014717017699173445,13303450.572989807,6269808.496895074,0.31695970585447336,0.9799999993188374,0.09921805278863757,0.41571708693941983,0.9852829823008266,3.4927470774227354,1.0023764556105839,0.029765415836591272,0.10392927173485496,0.19705659646016532,0.5239120616134103,0.1002376455610584
0.0,0.0,0.1,80,0.893455376400803,0.09921805278863757,1533.908198765346,0.014717017699173445,6148562.620309617,6272924.382793773,0.31695970585447336,0.4569741362515046,0.09921805278863757,0.4157178875466502,0.9852829823008266,3.4927470774227354,0.3879183060397355,0.029765415836591272,0.10392947188666254,0.19705659646016532,0.5239120616134103,0.03879183060397355
0.0,0.0,0.2,80,0.893455376400803,0.09921805278863757,1533.908198765346,0.014717017699173445,6148562.620309617,6272924.382793773,0.31695970585447336,0.4569741362515046,0.09921805278863757,0.4157178875466502,0.9852829823008266,3.4927470774227354,0.3879183060397355,0.029765415836591272,0.10392947188666254,0.19705659646016532,0.5239120616134103,0.03879183060397355
0.0,0.0,0.3,80,0.893455376400803,0.09921805278863757,1533.908198765346,0.014717017699173445,6148562.620309617,6272924.382793773,0.31695970585447336,0.4569741362515046,0.09921805278863757,0.4157178875466502,0.9852829823008266,3.4927470774227354,0.3879183060397355,0.029765415836591272,0.10392947188666254,0.19705659646016532,0.5239120616134103,0.03879183060397355
0.0,0.0,0.4,80,0.893455376400803,0.09921805278863757,1533.908198765346,0.014717017699173445,6148562.620309617,6272924.382793773,0.31695970585447336,0.4569741362515046,0.09921805278863757,0.4157178875466502,0.9852829823008266,3.4927470774227354,0.3879183060397355,0.029765415836591272,0.10392947188666254,0.19705659646016532,0.5239120616134103,0.03879183060397355
0.0,0.0,100.0,80,0.878136174102395,0.10371783443260937,1598.619187927246,0.009779407352986859,7211765.664306703,6599602.956181382,0.46431594721909786,0.4726737960265063,0.10371783443260937,0.3816152083578305,0.9902205926470131,3.4643001744764192,0.3392787698228902,0.031115350329782812,0.09540380208945763,0.19804411852940262,0.5196450261714629,0.03392787698228902
0.0,0.0,200.0,80,0.8768809338074195,0.10371783443260937,1600.2053359985352,0.009779407352986859,7209112.513424031,6592898.596317351,0.46431594721909786,0.5023409916370837,0.10371783443260937,0.38010113071691903,0.9902205926470131,3.4643001744764192,0.33051156097541423,0.031115350329782812,0.09502528267922976,0.19804411852940262,0.5196450261714629,0.033051156097541425
0.0,0.0,300.0,80,0.8755276141145293,0.10371783443260937,1601.8646606445313,0.009779407352986859,7231245.474278191,6590004.574300432,0.46431594721909786,0.5030922664582319,0.10371783443260937,0.376274783562801,0.9902205926470131,3.4643001744764192,0.3265442319318077,0.031115350329782812,0.09406869589070024,0.19804411852940262,0.5196450261714629,0.03265442319318077
0.0,0.0,400.0,80,0.8727691478445383,0.10371783443260937,1609.1995422363282,0.009779407352986859,7228422.033222929,6575067.317979468,0.46431594721909786,0.4388489281489867,0.10371783443260937,0.3701306109075553,0.9902205926470131,3.4643001744764192,0.31432000087001305,0.031115350329782812,0.09253265272688882,0.19804411852940262,0.5196450261714629,0.031432000087001304
0.0,0.0,500.0,80,0.8695176638553125,0.10371783443260937,1595.2231506347657,0.009779407352986859,7202183.658002656,6559366.5704470975,0.46431594721909786,0.43640692578870716,0.10371783443260937,0.36199921216248826,0.9902205926470131,3.4643001744764192,0.30213365784042184,0.031115350329782812,0.09049980304062206,0.19804411852940262,0.5196450261714629,0.030213365784042184
0.0,0.0,600.0,80,0.8884937027452763,0.1006835486041382,1624.9396611263878,0.01110996971960929,6945549.209701991,6558923.905661574,0.45186751077331744,0.3413308907979456,0.1006835486041382,0.34181649637755135,0.9888900302803908,3.6471811608507423,0.2797933388595755,0.030205064581241458,0.08545412409438784,0.19777800605607818,0.5470771741276114,0.027979333885957552
0.0,0.0,700.0,80,0.886270089995568,0.1006835486041382,1636.3214448627673,0.01110996971960929,6942707.693420301,6559038.045655866,0.45186751077331744,0.41963924904487815,0.1006835486041382,0.3376242034614873,0.9888900302803908,3.6471811608507423,0.26803794365265166,0.030205064581241458,0.08440605086537183,0.19777800605607818,0.5470771741276114,0.026803794365265168
0.0,0.0,800.0,80,0.8850652986277577,0.1006835486041382,1655.9323441354852,0.01110996971960929,6933301.273150243,6551948.361464882,0.45186751077331744,0.359440558983165,0.1006835486041382,0.3344319280650817,0.9888900302803908,3.6471811608507423,0.26397071846556236,0.030205064581241458,0.08360798201627043,0.19777800605607818,0.5470771741276114,0.026397071846556236
0.0,0.0,900.0,80,0.882738512030512,0.1006835486041382,1662.3446466546309,0.01110996971960929,6927884.4721813,6542950.141411904,0.45186751077331744,0.4014030408978894,0.1006835486041382,0.3290216914446543,0.9888900302803908,3.6471811608507423,0.2542284440441745,0.030205064581241458,0.08225542286116358,0.19777800605607818,0.5470771741276114,0.02542284440441745
0.0,0.0,1000.0,80,0.8824294186449176,0.1006835486041382,1718.3087194342363,0.01110996971960929,6913980.5374174155,6518193.331630454,0.45186751077331744,0.47996003946013793,0.1006835486041382,0.3324224834504097,0.9888900302803908,3.6471811608507423,0.24263553017384182,0.030205064581241458,0.08310562086260243,0.19777800605607818,0.5470771741276114,0.024263553017384185
0.0,0.5,0.0,80,1.0355914644110669,0.0948717509279959,1633.5860430743244,0.011715570050463956,13135751.273708414,6266567.306932954,0.31493476916001,0.9799999993188374,0.0948717509279959,0.3771212273321165,0.988284429949536,4.099700671657823,1.0023764556105839,0.028461525278398767,0.09428030683302913,0.19765688598990722,0.6149551007486734,0.1002376455610584
0.0,0.5,0.1,80,0.9741457068150549,0.0948717509279959,1633.5871450063344,0.011715570050463956,5977696.131298171,6268289.455976919,0.31493476916001,0.4569741362515046,0.0948717509279959,0.3771214567764082,0.988284429949536,4.099700671657823,0.3879183060397355,0.028461525278398767,0.09428036419410205,0.19765688598990722,0.6149551007486734,0.03879183060397355
0.0,0.5,0.2,80,0.9741457068150549,0.0948717509279959,1633.5871450063344,0.011715570050463956,5977696.131298171,6268289.455976919,0.31493476916001,0.4569741362515046,0.0948717509279959,0.3771214567764082,0.988284429949536,4.099700671657823,0.3879183060397355,0.028461525278398767,0.09428036419410205,0.19765688598990722,0.6149551007486734,0.03879183060397355
0.0,0.5,0.3,80,0.9741457068150549,0.0948717509279959,1633.5871450063344,0.011715570050463956,5977696.131298171,6268289.455976919,0.31493476916001,0.4569741362515046,0.0948717509279959,0.3771214567764082,0.988284429949536,4.099700671657823,0.3879183060397355,0.028461525278398767,0.09428036419410205,0.19765688598990722,0.6149551007486734,0.03879183060397355
0.0,0.5,0.4,80,0.9741457068150549,0.0948717509279959,1633.5871450063344,0.011715570050463956,5977696.131298171,6268289.455976919,0.31493476916001,0.4569741362515046,0.0948717509279959,0.3771214567764082,0.988284429949536,4.099700671657823,0.3879183060397355,0.028461525278398767,0.09428036419410205,0.19765688598990722,0.6149551007486734,0.03879183060397355
0.0,0.5,100.0,80,0.8655479274599728,0.09528714274056256,1654.3685558688255,0.007136574428502728,7398711.940205822,6753446.26778641,0.4419418075734616,0.4726737960265063,0.09528714274056256,0.29647607370951257,0.9928634255714973,3.53561469409225,0.3392787698228902,0.028586142822168766,0.07411901842737814,0.19857268511429949,0.5303422041138375,0.03392787698228902
0.0,0.5,200.0,80,0.8645805418734256,0.09528714274056256,1656.7378225018902,0.007136574428502728,7396553.671838565,6746656.022446371,0.4419418075734616,0.5023409916370837,0.09528714274056256,0.29611341490231424,0.9928634255714973,3.53561469409225,0.33051156097541423,0.028586142822168766,0.07402835372557856,0.19857268511429949,0.5303422041138375,0.033051156097541425
0.0,0.5,300.0,80,0.8637278097351135,0.09528714274056256,1659.8955530966482,0.007136574428502728,7421807.858568486,6744133.542883196,0.4419418075734616,0.5030922664582319,0.09528714274056256,0.2942894179665082,0.9928634255714973,3.53561469409225,0.3265442319318077,0.028586142822168766,0.07357235449162705,0.19857268511429949,0.5303422041138375,0.03265442319318077
0.0,0.5,400.0,80,0.8613710616685385,0.09528714274056256,1669.6128382528982,0.007136574428502728,7420096.716596309,6729388.486591501,0.4419418075734616,0.4388489281489867,0.09528714274056256,0.28975211812492635,0.9928634255714973,3.53561469409225,0.31432000087001305,0.028586142822168766,0.07243802953123159,0.19857268511429949,0.5303422041138375,0.031432000087001304
0.0,0.5,500.0,80,0.8600725221036617,0.09528714274056256,1689.211677797379,0.007136574428502728,7393190.460106907,6713392.299221293,0.4419418075734616,0.43640692578870716,0.09528714274056256,0.28943249707725616,0.9928634255714973,3.53561469409225,0.30213365784042184,0.028586142822168766,0.07235812426931404,0.19857268511429949,0.5303422041138375,0.030213365784042184
0.0,0.5,600.0,80,0.9404752564005602,0.09527936959639191,1624.363426208496,0.009390039807138475,6810474.941831329,6597240.923711092,0.43353535199086685,0.3413308907979456,0.09527936959639191,0.29434507829729195,0.9906099601928616,4.081359000151932,0.2797933388595755,0.028583810878917572,0.07358626957432299,0.19812199203857234,0.6122038500227898,0.027979333885957552
0.0,0.5,700.0,80,0.9390873459736927,0.09527936959639191,1643.6640903248506,0.009390039807138475,6808429.622552244,6597372.334804162,0.43353535199086685,0.41963924904487815,0.09527936959639191,0.2934955946725914,0.9906099601928616,4.081359000151932,0.26803794365265166,0.028583810878917572,0.07337389866814785,0.19812199203857234,0.6122038500227898,0.026803794365265168
0.0,0.5,800.0,80,0.9383193104624518,0.09527936959639191,1668.4853897094727,0.009390039807138475,6803191.448500952,6591773.732313842,0.43353535199086685,0.359440558983165,0.09527936959639191,0.29205034270246305,0.9906099601928616,4.081359000151932,0.26397071846556236,0.028583810878917572,0.07301258567561576,0.19812199203857234,0.6122038500227898,0.026397071846556236
0.0,0.5,900.0,80,0.936662159683251,0.09527936959639191,1680.036284054027,0.009390039807138475,6797633.363111353,6582935.762562408,0.43353535199086685,0.4014030408978894,0.09527936959639191,0.28931864935421536,0.9906099601928616,4.081359000151932,0.2542284440441745,0.028583810878917572,0.07232966233855384,0.19812199203857234,0.6122038500227898,0.02542284440441745
0.0,0.5,1000.0,80,0.9370429787470738,0.09527936959639191,1747.6940796796014,0.009390039807138475,6785468.459935591,6559061.083014802,0.43353535199086685,0.47996003946013793,0.09527936959639191,0.29547909115763904,0.9906099601928616,4.081359000151932,0.24263553017384182,0.028583810878917572,0.07386977278940976,0.19812199203857234,0.6122038500227898,0.024263553017384185
0.0,1.0,0.0,80,0.6257372706679666,0.08322154399938882,1486.2935559082032,0.00794779951803579,12779393.060525425,6069138.257869678,0.32680097558888593,0.9799999993188374,0.08322154399938882,0.23361872665134342,0.9920522004819642,1.624786934319086,1.0023764556105839,0.024966463199816644,0.058404681662835856,0.19841044009639286,0.24371804014786289,0.1002376455610584
0.0,1.0,0.1,80,0.5642914769889517,0.08322154399938882,1486.294266357422,0.00794779951803579,5618530.736080572,6070599.723769019,0.32680097558888593,0.4569741362515046,0.08322154399938882,0.23361881176362287,0.9920522004819642,1.624786934319086,0.3879183060397355,0.024966463199816644,0.05840470294090572,0.19841044009639286,0.24371804014786289,0.03879183060397355
0.0,1.0,0.2,80,0.5642914769889517,0.08322154399938882,1486.294266357422,0.00794779951803579,5618530.736080572,6070599.723769019,0.32680097558888593,0.4569741362515046,0.08322154399938882,0.23361881176362287,0.9920522004819642,1.624786934319086,0.3879183060397355,0.024966463199816644,0.05840470294090572,0.19841044009639286,0.24371804014786289,0.03879183060397355
0.0,1.0,0.3,80,0.5642914769889517,0.08322154399938882,1486.294266357422,0.00794779951803579,5618530.736080572,6070599.723769019,0.32680097558888593,0.4569741362515046,0.08322154399938882,0.23361881176362287,0.9920522004819642,1.624786934319086,0.3879183060397355,0.024966463199816644,0.05840470294090572,0.19841044009639286,0.24371804014786289,0.03879183060397355
0.0,1.0,0.4,80,0.5642914769889517,0.08322154399938882,1486.294266357422,0.00794779951803579,5618530.736080572,6070599.723769019,0.32680097558888593,0.4569741362515046,0.08322154399938882,0.23361881176362287,0.9920522004819642,1.624786934319086,0.3879183060397355,0.024966463199816644,0.05840470294090572,0.19841044009639286,0.24371804014786289,0.03879183060397355
0.0,1.0,100.0,80,0.5129724074066297,0.08215334363048896,1278.218505859375,0.005513647845954203,7236948.372559772,6627133.713705016,0.439565215938271,0.4726737960265063,0.08215334363048896,0.14501302170954122,0.9944863521540459,1.4616533431799972,0.3392787698228902,0.024646003089146686,0.036253255427385306,0.19889727043080918,0.21924800147699958,0.03392787698228902
0.0,1.0,200.0,80,0.5123105756522354,0.08215334363048896,1287.5858764648438,0.005513647845954203,7234928.478167567,6620447.979022907,0.439565215938271,0.5023409916370837,0.08215334363048896,0.1458725782309541,0.9944863521540459,1.4616533431799972,0.33051156097541423,0.024646003089146686,0.03646814455773852,0.19889727043080918,0.21924800147699958,0.033051156097541425
0.0,1.0,300.0,80,0.5118260135853949,0.08215334363048896,1291.554833984375,0.005513647845954203,7261478.830648197,6618132.595136222,0.439565215938271,0.5030922664582319,0.08215334363048896,0.14552126158103534,0.9944863521540459,1.4616533431799972,0.3265442319318077,0.024646003089146686,0.036380315395258836,0.19889727043080918,0.21924800147699958,0.03265442319318077
0.0,1.0,400.0,80,0.510702804738464,0.08215334363048896,1306.6306884765625,0.005513647845954203,7260328.007041909,6603647.192072807,0.439565215938271,0.4388489281489867,0.08215334363048896,0.145918118618029,0.9944863521540459,1.4616533431799972,0.31432000087001305,0.024646003089146686,0.03647952965450725,0.19889727043080918,0.21924800147699958,0.031432000087001304
0.0,1.0,500.0,80,0.5087602348357663,0.08215334363048896,1290.6480224609375,0.005513647845954203,7233310.104091867,6587795.481527259,0.439565215938271,0.43640692578870716,0.08215334363048896,0.14302237621907432,0.9944863521540459,1.4616533431799972,0.30213365784042184,0.024646003089146686,0.03575559405476858,0.19889727043080918,0.21924800147699958,0.030213365784042184
0.0,1.0,600.0,80,0.5454104172124786,0.08351651611737906,1270.6572341918945,0.005282982214601671,6478100.835814741,6418530.129075157,0.4172867119639575,0.3413308907979456,0.08351651611737906,0.1320617236988836,0.9947170177853983,1.736115293396712,0.2797933388595755,0.02505495483521372,0.0330154309247209,0.19894340355707968,0.26041729400950675,0.027979333885957552
0.0,1.0,700.0,80,0.5455534347650272,0.08351651611737906,1329.990771484375,0.005282982214601671,6475818.724767575,6418733.196232086,0.4172867119639575,0.41963924904487815,0.08351651611737906,0.13733595199184728,0.9947170177853983,1.736115293396712,0.26803794365265166,0.02505495483521372,0.03433398799796182,0.19894340355707968,0.26041729400950675,0.026803794365265168
0.0,1.0,800.0,80,0.5462577495257069,0.08351651611737906,1390.2679962158204,0.005282982214601671,6471501.085987288,6413398.173389655,0.4172867119639575,0.359440558983165,0.08351651611737906,0.14178010110940203,0.9947170177853983,1.736115293396712,0.26397071846556236,0.02505495483521372,0.03544502527735051,0.19894340355707968,0.26041729400950675,0.026397071846556236
0.0,1.0,900.0,80,0.5452708244764486,0.08351651611737906,1409.6031921386718,0.005282982214601671,6466145.621240554,6404689.73499552,0.4172867119639575,0.4014030408978894,0.08351651611737906,0.14172931068092326,0.9947170177853983,1.736115293396712,0.2542284440441745,0.02505495483521372,0.035432327670230815,0.19894340355707968,0.26041729400950675,0.02542284440441745
0.0,1.0,1000.0,80,0.5435962841443172,0.08351651611737906,1427.2447784423828,0.005282982214601671,6455022.827484463,6381386.639663364,0.4172867119639575,0.47996003946013793,0.08351651611737906,0.13966831490053105,0.9947170177853983,1.736115293396712,0.24263553017384182,0.02505495483521372,0.034917078725132764,0.19894340355707968,0.26041729400950675,0.024263553017384185
0.0,1.5,0.0,80,0.6325115793269187,0.08268895285436884,1521.2427762349446,0.0074858708296468655,12796605.416587342,6069700.401277684,0.3237091881482807,0.9799999993188374,0.08268895285436884,0.23069049637151667,0.9925141291703531,1.6752786532173332,1.0023764556105839,0.02480668585631065,0.05767262409287917,0.19850282583407064,0.2512917979826,0.1002376455610584
0.0,1.5,0.1,80,0.5710657643698339,0.08268895285436884,1521.2427762349446,0.0074858708296468655,5635951.5404039025,6071273.96107587,0.3237091881482807,0.4569741362515046,0.08268895285436884,0.23069049637151667,0.9925141291703531,1.6752786532173332,0.3879183060397355,0.02480668585631065,0.05767262409287917,0.19850282583407064,0.2512917979826,0.03879183060397355
0.0,1.5,0.2,80,0.5710657643698339,0.08268895285436884,1521.2427762349446,0.0074858708296468655,5635951.5404039025,6071273.96107587,0.3237091881482807,0.4569741362515046,0.08268895285436884,0.23069049637151667,0.9925141291703531,1.6752786532173332,0.3879183060397355,0.02480668585631065,0.05767262409287917,0.19850282583407064,0.2512917979826,0.03879183060397355
0.0,1.5,0.3,80,0.5710657643698339,0.08268895285436884,1521.2427762349446,0.0074858708296468655,5635951.5404039025,6071273.96107587,0.3237091881482807,0.4569741362515046,0.08268895285436884,0.23069049637151667,0.9925141291703531,1.6752786532173332,0.3879183060397355,0.02480668585631065,0.05767262409287917,0.19850282583407064,0.2512917979826,0.03879183060397355
0.0,1.5,0.4,80,0.5710657643698339,0.08268895285436884,1521.2427762349446,0.0074858708296468655,5635951.5404039025,6071273.96107587,0.3237091881482807,0.4569741362515046,0.08268895285436884,0.23069049637151667,0.9925141291703531,1.6752786532173332,0.3879183060397355,0.02480668585631065,0.05767262409287917,0.19850282583407064,0.2512917979826,0.03879183060397355
0.0,1.5,100.0,80,0.5217852457983649,0.08165889469673857,1346.4223596909467,0.003834989359123515,7257732.131244544,6627785.799244589,0.4356307897081794,0.4726737960265063,0.08165889469673857,0.13041751776537797,0.9961650106408765,1.5434821255835636,0.3392787698228902,0.02449766840902157,0.03260437944134449,0.1992330021281753,0.23152231883753452,0.03392787698228902
0.0,1.5,200.0,80,0.5211646615782938,0.08165889469673857,1358.6289601045496,0.003834989359123515,7255673.105125106,6621088.260458604,0.4356307897081794,0.5023409916370837,0.08165889469673857,0.13144206442408365,0.9961650106408765,1.5434821255835636,0.33051156097541423,0.02449766840902157,0.032860516106020914,0.1992330021281753,0.23152231883753452,0.033051156097541425
0.0,1.5,300.0,80,0.5208488228675429,0.08165889469673857,1367.9034675149358,0.003834989359123515,7282260.200734864,6618776.813908582,0.4356307897081794,0.5030922664582319,0.08165889469673857,0.13176564119852274,0.9961650106408765,1.5434821255835636,0.3265442319318077,0.02449766840902157,0.032941410299630686,0.1992330021281753,0.23152231883753452,0.03265442319318077
0.0,1.5,400.0,80,0.5197583074906148,0.08165889469673857,1386.3727991440717,0.003834989359123515,7281030.850163531,6604268.6989628235,0.4356307897081794,0.4388489281489867,0.08165889469673857,0.13229327211552805,0.9961650106408765,1.5434821255835636,0.31432000087001305,0.02449766840902157,0.03307331802888201,0.1992330021281753,0.23152231883753452,0.031432000087001304
0.0,1.5,500.0,80,0.51783485488532,0.08165889469673857,1368.0072416417738,0.003834989359123515,7253877.858034873,6588382.139816198,0.4356307897081794,0.43640692578870716,0.08165889469673857,0.12947399890618555,0.9961650106408765,1.5434821255835636,0.30213365784042184,0.02449766840902157,0.03236849972654639,0.1992330021281753,0.23152231883753452,0.030213365784042184
0.0,1.5,600.0,80,0.5520597154068609,0.08287463595625014,1275.4417538113064,0.005221764767439785,6501968.861689128,6420875.0264930315,0.43425640886021705,0.3413308907979456,0.08287463595625014,0.12031917423898646,0.9947782352325601,1.8012170008517976,0.2797933388595755,0.02486239078687504,0.030079793559746614,0.19895564704651203,0.27018255012776965,0.027979333885957552
0.0,1.5,700.0,80,0.5522237090013439,0.08287463595625014,1341.4446953667534,0.005221764767439785,6499590.218810111,6421046.469411942,0.43425640886021705,0.41963924904487815,0.08287463595625014,0.1256773066996881,0.9947782352325601,1.8012170008517976,0.26803794365265166,0.02486239078687504,0.031419326674922025,0.19895564704651203,0.27018255012776965,0.026803794365265168
0.0,1.5,800.0,80,0.5529565579659832,0.08287463595625014,1408.540479871962,0.005221764767439785,6495253.155108463,6415712.57995257,0.43425640886021705,0.359440558983165,0.08287463595625014,0.1302355926330808,0.9947782352325601,1.8012170008517976,0.26397071846556236,0.02486239078687504,0.0325588981582702,0.19895564704651203,0.27018255012776965,0.026397071846556236
0.0,1.5,900.0,80,0.5519912637168718,0.08287463595625014,1430.0230441623264,0.005221764767439785,6489851.097245189,6406995.530790919,0.43425640886021705,0.4014030408978894,0.08287463595625014,0.13027132540519065,0.9947782352325601,1.8012170008517976,0.2542284440441745,0.02486239078687504,0.03256783135129766,0.19895564704651203,0.27018255012776965,0.02542284440441745
0.0,1.5,1000.0,80,0.5503374496852835,0.08287463595625014,1449.6224602593315,0.005221764767439785,6478735.1527882395,6383708.707166439,0.43425640886021705,0.47996003946013793,0.08287463595625014,0.12829323482697078,0.9947782352325601,1.8012170008517976,0.24263553017384182,0.02486239078687504,0.032073308706742694,0.19895564704651203,0.27018255012776965,0.024263553017384185
0.0,2.0,0.0,80,0.5535884931938762,0.07603643593611195,1433.4969241493627,0.006533615587445358,12175320.84789071,5717738.771747682,0.3642857128786793,0.9799999993188374,0.07603643593611195,0.15562190553996208,0.9934663844125546,1.2862744238965511,1.0023764556105839,0.022810930780833585,0.03890547638499052,0.19869327688251093,0.19294116358448266,0.1002376455610584
0.0,2.0,0.1,80,0.4921426782367913,0.07603643593611195,1433.4969241493627,0.006533615587445358,5033813.740831925,5719953.496657444,0.3642857128786793,0.4569741362515046,0.07603643593611195,0.15562190553996208,0.9934663844125546,1.2862744238965511,0.3879183060397355,0.022810930780833585,0.03890547638499052,0.19869327688251093,0.19294116358448266,0.03879183060397355
0.0,2.0,0.2,80,0.4921426782367913,0.07603643593611195,1433.4969241493627,0.006533615587445358,5033813.740831925,5719953.496657444,0.3642857128786793,0.4569741362515046,0.07603643593611195,0.15562190553996208,0.9934663844125546,1.2862744238965511,0.3879183060397355,0.022810930780833585,0.03890547638499052,0.19869327688251093,0.19294116358448266,0.03879183060397355
0.0,2.0,0.3,80,0.4921426782367913,0.07603643593611195,1433.4969241493627,0.006533615587445358,5033813.740831925,5719953.496657444,0.3642857128786793,0.4569741362515046,0.07603643593611195,0.15562190553996208,0.9934663844125546,1.2862744238965511,0.3879183060397355,0.022810930780833585,0.03890547638499052,0.19869327688251093,0.19294116358448266,0.03879183060397355
0.0,2.0,0.4,80,0.4921426782367913,0.07603643593611195,1433.4969241493627,0.006533615587445358,5033813.740831925,5719953.496657444,0.3642857128786793,0.4569741362515046,0.07603643593611195,0.15562190553996208,0.9934663844125546,1.2862744238965511,0.3879183060397355,0.022810930780833585,0.03890547638499052,0.19869327688251093,0.19294116358448266,0.03879183060397355
0.0,2.0,100.0,80,0.4538142586317303,0.07495945285772905,1040.5038499098557,0.003145506673576584,6954488.998709511,6464316.121417598,0.45259109154559,0.4726737960265063,0.07495945285772905,0.06972235174415448,0.9968544933264234,1.2039803946053287,0.3392787698228902,0.022487835857318714,0.01743058793603862,0.19937089866528468,0.1805970591907993,0.03392787698228902
0.0,2.0,200.0,80,0.4528982211924199,0.07495945285772905,1041.6000037560095,0.003145506673576584,6952328.762046523,6457681.943138024,0.45259109154559,0.5023409916370837,0.07495945285772905,0.06956508552590301,0.9968544933264234,1.2039803946053287,0.33051156097541423,0.022487835857318714,0.017391271381475754,0.19937089866528468,0.1805970591907993,0.033051156097541425
0.0,2.0,300.0,80,0.4524060887740733,0.07495945285772905,1041.6000037560095,0.003145506673576584,6978840.594663022,6455404.278024884,0.45259109154559,0.5030922664582319,0.07495945285772905,0.06918348746995942,0.9968544933264234,1.2039803946053287,0.3265442319318077,0.022487835857318714,0.017295871867489855,0.19937089866528468,0.1805970591907993,0.03265442319318077
0.0,2.0,400.0,80,0.45149049159492893,0.07495945285772905,1065.752206655649,0.003145506673576584,6977630.007941089,6441012.395067954,0.45259109154559,0.4388489281489867,0.07495945285772905,0.0704107911780994,0.9968544933264234,1.2039803946053287,0.31432000087001305,0.022487835857318714,0.01760269779452485,0.19937089866528468,0.1805970591907993,0.031432000087001304
0.0,2.0,500.0,80,0.44956098541259826,0.07495945285772905,1034.5695143479568,0.003145506673576584,6950637.793670679,6425269.942625349,0.45259109154559,0.43640692578870716,0.07495945285772905,0.06756730366061332,0.9968544933264234,1.2039803946053287,0.30213365784042184,0.022487835857318714,0.01689182591515333,0.19937089866528468,0.1805970591907993,0.030213365784042184
0.0,2.0,600.0,80,0.4953790749459353,0.0760864220559597,1212.6420826631434,0.005156172112001448,6222092.532377392,6259726.72148163,0.46318903164887737,0.3413308907979456,0.0760864220559597,0.1052317227683067,0.9948438278879985,1.461980787823423,0.2797933388595755,0.02282592661678791,0.026307930692076674,0.1989687655775997,0.21929711817351344,0.027979333885957552
0.0,2.0,700.0,80,0.4954482600604429,0.0760864220559597,1277.76413861443,0.005156172112001448,6219517.607225313,6259916.201253764,0.46318903164887737,0.41963924904487815,0.0760864220559597,0.11021062130910683,0.9948438278879985,1.461980787823423,0.26803794365265166,0.02282592661678791,0.027552655327276708,0.1989687655775997,0.21929711817351344,0.026803794365265168
0.0,2.0,800.0,80,0.49516699869012015,0.0760864220559597,1299.496431238511,0.005156172112001448,6215175.142790793,6254521.5439645685,0.46318903164887737,0.359440558983165,0.0760864220559597,0.11071246590265119,0.9948438278879985,1.461980787823423,0.26397071846556236,0.02282592661678791,0.027678116475662796,0.1989687655775997,0.21929711817351344,0.026397071846556236
0.0,2.0,900.0,80,0.4930016823175464,0.0760864220559597,1278.4773236443016,0.005156172112001448,6209639.404569268,6245715.795350158,0.46318903164887737,0.4014030408978894,0.0760864220559597,0.10594811018091146,0.9948438278879985,1.461980787823423,0.2542284440441745,0.02282592661678791,0.026487027545227866,0.1989687655775997,0.21929711817351344,0.02542284440441745
0.0,2.0,1000.0,80,0.4917649718129974,0.0760864220559597,1314.1118989832262,0.005156172112001448,6198705.432246183,6222528.651617197,0.46318903164887737,0.47996003946013793,0.0760864220559597,0.10563843371084877,0.9948438278879985,1.461980787823423,0.24263553017384182,0.02282592661678791,0.026409608427712193,0.1989687655775997,0.21929711817351344,0.024263553017384185
1.0,0.0,0.0,80,0.8351181214015752,0.10504164075246081,1012.9289883130217,0.07256664672504201,9342290.129685232,2884816.187801823,0.315775333762709,0.9577777770336408,0.10504164075246081,0.49225770043187345,0.927433353274958,2.6508916219301306,0.9742079012335726,0.031512492225738244,0.12306442510796836,0.1854866706549916,0.39763374328951956,0.09742079012335726
1.0,0.0,0.1,80,0.7684490592353529,0.10504164075246081,1012.9297566871121,0.07256664672504201,2966611.5111976257,2822075.0281005194,0.315775333762709,0.5338095231233894,0.10504164075246081,0.49225805223712926,0.927433353274958,2.6508916219301306,0.30751640005821124,0.031512492225738244,0.12306451305928232,0.1854866706549916,0.39763374328951956,0.030751640005821125
1.0,0.0,0.2,80,0.7684490592353529,0.10504164075246081,1012.9297566871121,0.07256664672504201,2966611.5111976257,2822075.0281005194,0.315775333762709,0.5338095231233894,0.10504164075246081,0.49225805223712926,0.927433353274958,2.6508916219301306,0.30751640005821124,0.031512492225738244,0.12306451305928232,0.1854866706549916,0.39763374328951956,0.030751640005821125
1.0,0.0,0.3,80,0.7684490592353529,0.10504164075246081,1012.9297566871121,0.07256664672504201,2966611.5111976257,2822075.0281005194,0.315775333762709,0.5338095231233894,0.10504164075246081,0.49225805223712926,0.927433353274958,2.6508916219301306,0.30751640005821124,0.031512492225738244,0.12306451305928232,0.1854866706549916,0.39763374328951956,0.030751640005821125
1.0,0.0,0.4,80,0.7684490592353529,0.10504164075246081,1012.9297566871121,0.07256664672504201,2966611.5111976257,2822075.0281005194,0.315775333762709,0.5338095231233894,0.10504164075246081,0.49225805223712926,0.927433353274958,2.6508916219301306,0.30751640005821124,0.031512492225738244,0.12306451305928232,0.1854866706549916,0.39763374328951956,0.030751640005821125
1.0,0.0,100.0,80,0.8280347547753901,0.10066539985127747,899.1710228070821,0.0759593862987194,2520936.3020285666,3277095.684422802,0.30887069304543485,0.35620490551813905,0.10066539985127747,0.4276056280598041,0.9240406137012807,3.1513550880245673,0.3342234186111456,0.030199619955383238,0.10690140701495103,0.18480812274025615,0.47270326320368505,0.033422341861114556
1.0,0.0,200.0,80,0.8267976981963798,0.10066539985127747,904.4997658925514,0.0759593862987194,2525580.246045975,3275409.765505495,0.30887069304543485,0.385808080018964,0.10066539985127747,0.42684708740986393,0.9240406137012807,3.1513550880245673,0.3237492044458935,0.030199619955383238,0.10671177185246598,0.18480812274025615,0.47270326320368505,0.03237492044458935
1.0,0.0,300.0,80,0.8258881154137168,0.10066539985127747,911.4364950101669,0.0759593862987194,2515217.9567174865,3277848.9689783333,0.30887069304543485,0.30146520085950645,0.10066539985127747,0.4266181399182073,0.9240406137012807,3.1513550880245673,0.31522574534840536,0.030199619955383238,0.10665453497955182,0.18480812274025615,0.47270326320368505,0.03152257453484054
1.0,0.0,400.0,80,0.8246717110453629,0.10066539985127747,929.307347963934,0.0759593862987194,2492614.1109517133,3264539.9196138857,0.30887069304543485,0.4074936168425927,0.10066539985127747,0.4263975166132834,0.9240406137012807,3.1513550880245673,0.30361325992717525,0.030199619955383238,0.10659937915332085,0.18480812274025615,0.47270326320368505,0.030361325992717528
1.0,0.0,500.0,80,0.8239989201363447,0.10066539985127747,948.6456662530768,0.0759593862987194,2480782.113654482,3251753.119896996,0.30887069304543485,0.4583015016899425,0.10066539985127747,0.4279817397685167,0.9240406137012807,3.1513550880245673,0.29292479294890855,0.030199619955383238,0.10699543494212918,0.18480812274025615,0.47270326320368505,0.029292479294890858
1.0,0.0,600.0,80,0.8900563904352875,0.11768327478785068,1015.8986390766345,0.07891384544841863,2828254.8233184963,3550573.3491286156,0.35781154812951743,0.2871253886711262,0.11768327478785068,0.46599412956123354,0.9210861545515814,3.4911259146957505,0.30366757493945223,0.0353049824363552,0.11649853239030838,0.18421723091031628,0.5236688872043626,0.030366757493945226
1.0,0.0,700.0,80,0.8892112231843345,0.11768327478785068,1039.932470823589,0.07891384544841863,2819575.9840894304,3555338.5776101337,0.35781154812951743,0.33026306963709023,0.11768327478785068,0.46780714244356253,0.9210861545515814,3.4911259146957505,0.2906833702241007,0.0353049824363552,0.11695178561089063,0.18421723091031628,0.5236688872043626,0.02906833702241007
1.0,0.0,800.0,80,0.8888430400124012,0.11768327478785068,1060.3449479153282,0.07891384544841863,2785447.1557651274,3558368.4686849914,0.35781154812951743,0.3379250155748115,0.11768327478785068,0.4685625972914931,0.9210861545515814,3.4911259146957505,0.28511290138494016,0.0353049824363552,0.11714064932287327,0.18421723091031628,0.5236688872043626,0.028511290138494016
1.0,0.0,900.0,80,0.8853330187168854,0.11768327478785068,1066.4994321120412,0.07891384544841863,2762948.6853729086,3554879.3645716035,0.35781154812951743,0.26492773772614353,0.11768327478785068,0.46003356168060405,0.9210861545515814,3.4911259146957505,0.27133527745700503,0.0353049824363552,0.11500839042015101,0.18421723091031628,0.5236688872043626,0.027133527745700506
1.0,0.0,1000.0,80,0.8817911241254365,0.11768327478785068,1078.3121254569605,0.07891384544841863,2747933.0990470024,3537554.08150449,0.35781154812951743,0.24135402563626698,0.11768327478785068,0.45192662969456904,0.9210861545515814,3.4911259146957505,0.25618366150760197,0.0353049824363552,0.11298165742364226,0.18421723091031628,0.5236688872043626,0.0256183661507602
1.0,0.5,0.0,80,0.8360488832891008,0.09998504956020042,937.4604138268364,0.07705268712668037,9108549.72142133,2874326.910797574,0.3233085811896875,0.9577777770336408,0.09998504956020042,0.45287735622104747,0.9229473128733195,2.7388251777850505,0.9742079012335726,0.029995514868060125,0.11321933905526187,0.1845894625746639,0.41082377666775755,0.09742079012335726
1.0,0.5,0.1,80,0.7693797598529166,0.09998504956020042,937.4606367746989,0.07705268712668037,2730346.6081774365,2809557.4358104942,0.3233085811896875,0.5338095231233894,0.09998504956020042,0.4528774629464552,0.9229473128733195,2.7388251777850505,0.30751640005821124,0.029995514868060125,0.1132193657366138,0.1845894625746639,0.41082377666775755,0.030751640005821125
1.0,0.5,0.2,80,0.7693797598529166,0.09998504956020042,937.4606367746989,0.07705268712668037,2730346.6081774365,2809557.4358104942,0.3233085811896875,0.5338095231233894,0.09998504956020042,0.4528774629464552,0.9229473128733195,2.7388251777850505,0.30751640005821124,0.029995514868060125,0.1132193657366138,0.1845894625746639,0.41082377666775755,0.030751640005821125
1.0,0.5,0.3,80,0.7693797598529166,0.09998504956020042,937.4606367746989,0.07705268712668037,2730346.6081774365,2809557.4358104942,0.3233085811896875,0.5338095231233894,0.09998504956020042,0.4528774629464552,0.9229473128733195,2.7388251777850505,0.30751640005821124,0.029995514868060125,0.1132193657366138,0.1845894625746639,0.41082377666775755,0.030751640005821125
1.0,0.5,0.4,80,0.7693797598529166,0.09998504956020042,937.4606367746989,0.07705268712668037,2730346.6081774365,2809557.4358104942,0.3233085811896875,0.5338095231233894,0.09998504956020042,0.4528774629464552,0.9229473128733195,2.7388251777850505,0.30751640005821124,0.029995514868060125,0.1132193657366138,0.1845894625746639,0.41082377666775755,0.030751640005821125
1.0,0.5,100.0,80,0.8742450508445889,0.09957449643407017,853.3887684443225,0.07470567091642126,2528253.966935139,3299997.6739966134,0.30119392549182294,0.35620490551813905,0.09957449643407017,0.4084940602961069,0.9252943290835788,3.4917865277500724,0.3342234186111456,0.02987234893022105,0.10212351507402673,0.18505886581671577,0.5237679791625108,0.033422341861114556
1.0,0.5,200.0,80,0.8731586991177742,0.09957449643407017,859.3160893688463,0.07470567091642126,2532785.3014174104,3298190.807805164,0.30119392549182294,0.385808080018964,0.09957449643407017,0.40833833905494926,0.9252943290835788,3.4917865277500724,0.3237492044458935,0.02987234893022105,0.10208458476373732,0.18505886581671577,0.5237679791625108,0.03237492044458935
1.0,0.5,300.0,80,0.8723610329276899,0.09957449643407017,866.7853213793611,0.07470567091642126,2522541.7058026977,3300620.929643101,0.30119392549182294,0.30146520085950645,0.09957449643407017,0.4085570579336064,0.9252943290835788,3.4917865277500724,0.31522574534840536,0.02987234893022105,0.1021392644834016,0.18505886581671577,0.5237679791625108,0.03152257453484054
1.0,0.5,400.0,80,0.8713472803746589,0.09957449643407017,886.0751029236676,0.07470567091642126,2500472.8927099584,3287642.053475342,0.30119392549182294,0.4074936168425927,0.09957449643407017,0.40914704188997514,0.9252943290835788,3.4917865277500724,0.30361325992717525,0.02987234893022105,0.10228676047249378,0.18505886581671577,0.5237679791625108,0.030361325992717528
1.0,0.5,500.0,80,0.8706344054019016,0.09957449643407017,904.2258455459386,0.07470567091642126,2489136.068191735,3274968.4549221164,0.30119392549182294,0.4583015016899425,0.09957449643407017,0.41057092879025225,0.9252943290835788,3.4917865277500724,0.29292479294890855,0.02987234893022105,0.10264273219756306,0.18505886581671577,0.5237679791625108,0.029292479294890858
1.0,0.5,600.0,80,0.9068410594470677,0.11259831126080826,948.4007225036621,0.08310670898995157,2467769.2029531263,3523321.9220173033,0.35798941583075605,0.2871253886711262,0.11259831126080826,0.4414750731853025,0.9168932910100486,3.6596492138436316,0.30366757493945223,0.03377949337824247,0.11036876829632562,0.18337865820200971,0.5489473820765447,0.030366757493945226
1.0,0.5,700.0,80,0.9059010206755571,0.11259831126080826,970.8662547061318,0.08310670898995157,2459722.4836737034,3528147.824269473,0.35798941583075605,0.33026306963709023,0.11259831126080826,0.44290859998540066,0.9168932910100486,3.6596492138436316,0.2906833702241007,0.03377949337824247,0.11072714999635017,0.18337865820200971,0.5489473820765447,0.02906833702241007
1.0,0.5,800.0,80,0.9056294337534426,0.11259831126080826,990.504573119314,0.08310670898995157,2425302.3792771096,3530505.697419694,0.35798941583075605,0.3379250155748115,0.11259831126080826,0.44405043983260695,0.9168932910100486,3.6596492138436316,0.28511290138494016,0.03377949337824247,0.11101260995815174,0.18337865820200971,0.5489473820765447,0.028511290138494016
1.0,0.5,900.0,80,0.9021255383785111,0.11259831126080826,995.0727323230944,0.08310670898995157,2402474.7815070963,3526871.1252348404,0.35798941583075605,0.26492773772614353,0.11259831126080826,0.43554590790405506,0.9168932910100486,3.6596492138436316,0.27133527745700503,0.03377949337824247,0.10888647697601377,0.18337865820200971,0.5489473820765447,0.027133527745700506
1.0,0.5,1000.0,80,0.8995749522879638,0.11259831126080826,1015.653241709659,0.08310670898995157,2387411.936101336,3509059.938202606,0.35798941583075605,0.24135402563626698,0.11259831126080826,0.43140420992162715,0.9168932910100486,3.6596492138436316,0.25618366150760197,0.03377949337824247,0.10785105248040679,0.18337865820200971,0.5489473820765447,0.0256183661507602
1.0,1.0,0.0,80,0.5663404611185429,0.08820970704546198,718.6579113006592,0.0674288944827121,8894594.257136133,2696136.22771659,0.31283239083554487,0.9577777770336408,0.08820970704546198,0.31368387610955556,0.9325711055172878,1.1834771250046703,0.9742079012335726,0.026462912113638593,0.07842096902738889,0.18651422110345758,0.17752156875070055,0.09742079012335726
1.0,1.0,0.1,80,0.49967132277820286,0.08820970704546198,718.6580157279968,0.0674288944827121,2517534.690534069,2633239.3430267014,0.31283239083554487,0.5338095231233894,0.08820970704546198,0.3136839232183399,0.9325711055172878,1.1834771250046703,0.30751640005821124,0.026462912113638593,0.07842098080458497,0.18651422110345758,0.17752156875070055,0.030751640005821125
1.0,1.0,0.2,80,0.49967132277820286,0.08820970704546198,718.6580157279968,0.0674288944827121,2517534.690534069,2633239.3430267014,0.31283239083554487,0.5338095231233894,0.08820970704546198,0.3136839232183399,0.9325711055172878,1.1834771250046703,0.30751640005821124,0.026462912113638593,0.07842098080458497,0.18651422110345758,0.17752156875070055,0.030751640005821125
1.0,1.0,0.3,80,0.49967132277820286,0.08820970704546198,718.6580157279968,0.0674288944827121,2517534.690534069,2633239.3430267014,0.31283239083554487,0.5338095231233894,0.08820970704546198,0.3136839232183399,0.9325711055172878,1.1834771250046703,0.30751640005821124,0.026462912113638593,0.07842098080458497,0.18651422110345758,0.17752156875070055,0.030751640005821125
1.0,1.0,0.4,80,0.49967132277820286,0.08820970704546198,718.6580157279968,0.0674288944827121,2517534.690534069,2633239.3430267014,0.31283239083554487,0.5338095231233894,0.08820970704546198,0.3136839232183399,0.9325711055172878,1.1834771250046703,0.30751640005821124,0.026462912113638593,0.07842098080458497,0.18651422110345758,0.17752156875070055,0.030751640005821125
1.0,1.0,100.0,80,0.5382547160638909,0.09083684543147683,744.9332819545971,0.06202613287054289,2287453.869964932,3108812.063743927,0.3534121794654062,0.35620490551813905,0.09083684543147683,0.3362633171368896,0.9379738671294572,1.3728047857547967,0.3342234186111456,0.027251053629443047,0.0840658292842224,0.18759477342589145,0.2059207178632195,0.033422341861114556
1.0,1.0,200.0,80,0.5373256648279595,0.09083684543147683,751.6351257773007,0.06202613287054289,2291982.876647733,3107170.1091128294,0.3534121794654062,0.385808080018964,0.09083684543147683,0.3367367978592643,0.9379738671294572,1.3728047857547967,0.3237492044458935,0.027251053629443047,0.08418419946481608,0.18759477342589145,0.2059207178632195,0.03237492044458935
1.0,1.0,300.0,80,0.5362632681280635,0.09083684543147683,756.2400732601391,0.06202613287054289,2281710.377675073,3109769.175281938,0.3534121794654062,0.30146520085950645,0.09083684543147683,0.3358965946986757,0.9379738671294572,1.3728047857547967,0.31522574534840536,0.027251053629443047,0.08397414867466893,0.18759477342589145,0.2059207178632195,0.03152257453484054
1.0,1.0,400.0,80,0.5368377388417546,0.09083684543147683,791.3348096959731,0.06202613287054289,2259726.4605101147,3096772.044320554,0.3534121794654062,0.4074936168425927,0.09083684543147683,0.3428394717219324,0.9379738671294572,1.3728047857547967,0.30361325992717525,0.027251053629443047,0.0857098679304831,0.18759477342589145,0.2059207178632195,0.030361325992717528
1.0,1.0,500.0,80,0.5368632709953753,0.09083684543147683,818.1036538516773,0.06202613287054289,2248857.3649326074,3084133.5915521784,0.3534121794654062,0.4583015016899425,0.09083684543147683,0.3472169871277221,0.9379738671294572,1.3728047857547967,0.29292479294890855,0.027251053629443047,0.08680424678193052,0.18759477342589145,0.2059207178632195,0.029292479294890858
1.0,1.0,600.0,80,0.5630505567427146,0.09525339981773868,858.9635338253445,0.06811424077505143,2229762.0633322205,3491399.2332691806,0.3802564081238967,0.2871253886711262,0.09525339981773868,0.3852748037552065,0.9318857592249487,1.4760795101310435,0.30366757493945223,0.028576019945321603,0.09631870093880163,0.18637715184498974,0.22141192651965652,0.030366757493945226
1.0,1.0,700.0,80,0.5600827572531906,0.09525339981773868,867.5193338394165,0.06811424077505143,2221076.445390897,3495729.627947488,0.3802564081238967,0.33026306963709023,0.09525339981773868,0.3785972876832501,0.9318857592249487,1.4760795101310435,0.2906833702241007,0.028576019945321603,0.09464932192081253,0.18637715184498974,0.22141192651965652,0.02906833702241007
1.0,1.0,800.0,80,0.560105723114441,0.09525339981773868,888.6902384757996,0.06811424077505143,2185641.5876903133,3496940.8040886554,0.3802564081238967,0.3379250155748115,0.09525339981773868,0.3809173386639161,0.9318857592249487,1.4760795101310435,0.28511290138494016,0.028576019945321603,0.09522933466597902,0.18637715184498974,0.22141192651965652,0.028511290138494016
1.0,1.0,900.0,80,0.5586370367555391,0.09525339981773868,906.6943766276041,0.06811424077505143,2163081.6901060278,3493276.6101848655,0.3802564081238967,0.26492773772614353,0.09525339981773868,0.3805536427994827,0.9318857592249487,1.4760795101310435,0.27133527745700503,0.028576019945321603,0.09513841069987068,0.18637715184498974,0.22141192651965652,0.027133527745700506
1.0,1.0,1000.0,80,0.5532781408101816,0.09525339981773868,892.6251403358248,0.06811424077505143,2146879.1011125636,3475204.2318857866,0.3802564081238967,0.24135402563626698,0.09525339981773868,0.3651787053978143,0.9318857592249487,1.4760795101310435,0.25618366150760197,0.028576019945321603,0.09129467634945357,0.18637715184498974,0.22141192651965652,0.0256183661507602
1.0,1.5,0.0,80,0.5634309067897217,0.08691962760640308,699.4346404075623,0.06650720367799332,8926649.898435604,2694856.5140724876,0.3082197782224994,0.9577777770336408,0.08691962760640308,0.30658661971973694,0.9334927963220068,1.1772600946007201,0.9742079012335726,0.026075888281920923,0.07664665492993424,0.18669855926440138,0.176589014190108,0.09742079012335726
1.0,1.5,0.1,80,0.4967617586558283,0.08691962760640308,699.4346528053284,0.06650720367799332,2549784.416655385,2633196.927749259,0.3082197782224994,0.5338095231233894,0.08691962760640308,0.3065866276543072,0.9334927963220068,1.1772600946007201,0.30751640005821124,0.026075888281920923,0.0766466569135768,0.18669855926440138,0.176589014190108,0.030751640005821125
1.0,1.5,0.2,80,0.4967617586558283,0.08691962760640308,699.4346528053284,0.06650720367799332,2549784.416655385,2633196.927749259,0.3082197782224994,0.5338095231233894,0.08691962760640308,0.3065866276543072,0.9334927963220068,1.1772600946007201,0.30751640005821124,0.026075888281920923,0.0766466569135768,0.18669855926440138,0.176589014190108,0.030751640005821125
1.0,1.5,0.3,80,0.4967617586558283,0.08691962760640308,699.4346528053284,0.06650720367799332,2549784.416655385,2633196.927749259,0.3082197782224994,0.5338095231233894,0.08691962760640308,0.3065866276543072,0.9334927963220068,1.1772600946007201,0.30751640005821124,0.026075888281920923,0.0766466569135768,0.18669855926440138,0.176589014190108,0.030751640005821125
1.0,1.5,0.4,80,0.4967617586558283,0.08691962760640308,699.4346528053284,0.06650720367799332,2549784.416655385,2633196.927749259,0.3082197782224994,0.5338095231233894,0.08691962760640308,0.3065866276543072,0.9334927963220068,1.1772600946007201,0.30751640005821124,0.026075888281920923,0.0766466569135768,0.18669855926440138,0.176589014190108,0.030751640005821125
1.0,1.5,100.0,80,0.5420614773832657,0.09033988380106166,748.1710745968036,0.0589126474953382,2302474.928151724,3112434.3691637977,0.3534121794667191,0.35620490551813905,0.09033988380106166,0.3320045447611818,0.9410873525046618,1.4021237579373662,0.3342234186111456,0.027101965140318495,0.08300113619029545,0.18821747050093238,0.21031856369060492,0.033422341861114556
1.0,1.5,200.0,80,0.5409895351389098,0.09033988380106166,753.8143648745408,0.0589126474953382,2306999.683419713,3110783.5277643446,0.3534121794667191,0.385808080018964,0.09033988380106166,0.3319064614498585,0.9410873525046618,1.4021237579373662,0.3237492044458935,0.027101965140318495,0.08297661536246463,0.18821747050093238,0.21031856369060492,0.03237492044458935
1.0,1.5,300.0,80,0.54011369818829,0.09033988380106166,759.8337835055679,0.0589126474953382,2296714.5223184936,3113368.403489057,0.3534121794667191,0.30146520085950645,0.09033988380106166,0.3318124972863751,0.9410873525046618,1.4021237579373662,0.31522574534840536,0.027101965140318495,0.08295312432159377,0.18821747050093238,0.21031856369060492,0.03152257453484054
1.0,1.5,400.0,80,0.540421062521362,0.09033988380106166,791.8643817047574,0.0589126474953382,2274701.391602216,3100341.47204603,0.3534121794667191,0.4074936168425927,0.09033988380106166,0.33768694878715494,0.9410873525046618,1.4021237579373662,0.30361325992717525,0.027101965140318495,0.08442173719678873,0.18821747050093238,0.21031856369060492,0.030361325992717528
1.0,1.5,500.0,80,0.5405079672624936,0.09033988380106166,819.1834753235775,0.0589126474953382,2263836.8420605375,3087692.698334469,0.3534121794667191,0.4583015016899425,0.09033988380106166,0.34230995454298807,0.9410873525046618,1.4021237579373662,0.29292479294890855,0.027101965140318495,0.08557748863574702,0.18821747050093238,0.21031856369060492,0.029292479294890858
1.0,1.5,600.0,80,0.5641956460623628,0.09181915030349046,860.8465701209175,0.06753391825250314,2294454.6427478786,3495468.45654458,0.3924754772539843,0.2871253886711262,0.09181915030349046,0.3861590467681558,0.9324660817474968,1.488334436238881,0.30366757493945223,0.027545745091047135,0.09653976169203896,0.18649321634949936,0.22325016543583215,0.030366757493945226
1.0,1.5,700.0,80,0.5613126360037078,0.09181915030349046,870.836106300354,0.06753391825250314,2285194.7165304874,3499604.4939591913,0.3924754772539843,0.33026306963709023,0.09181915030349046,0.37982068841967653,0.9324660817474968,1.488334436238881,0.2906833702241007,0.027545745091047135,0.09495517210491913,0.18649321634949936,0.22325016543583215,0.02906833702241007
1.0,1.5,800.0,80,0.5616638299124485,0.09181915030349046,895.6326535012987,0.06753391825250314,2249398.2310695127,3500485.4300575405,0.3924754772539843,0.3379250155748115,0.09181915030349046,0.38345365159030315,0.9324660817474968,1.488334436238881,0.28511290138494016,0.027545745091047135,0.09586341289757579,0.18649321634949936,0.22325016543583215,0.028511290138494016
1.0,1.5,900.0,80,0.5602607810604864,0.09181915030349046,915.2476789686415,0.06753391825250314,2226897.3699859725,3496727.482458268,0.3924754772539843,0.26492773772614353,0.09181915030349046,0.3833525057536285,0.9324660817474968,1.488334436238881,0.27133527745700503,0.027545745091047135,0.09583812643840713,0.18649321634949936,0.22325016543583215,0.027133527745700506
1.0,1.5,1000.0,80,0.554246709985353,0.09181915030349046,895.3683344920477,0.06753391825250314,2210472.098494031,3478202.9710393753,0.3924754772539843,0.24135402563626698,0.09181915030349046,0.36535686783285687,0.9324660817474968,1.488334436238881,0.25618366150760197,0.027545745091047135,0.09133921695821422,0.18649321634949936,0.22325016543583215,0.0256183661507602
1.0,2.0,0.0,80,0.49970139079742565,0.0812933107255958,580.8520355224609,0.05805890259262024,8769287.019726519,2549127.9497778583,0.3082197784451265,0.9577777770336408,0.0812933107255958,0.21858028986929412,0.9419410974073799,0.899062103383935,0.9742079012335726,0.02438799321767874,0.05464507246732353,0.188388219481476,0.13485931550759025,0.09742079012335726
1.0,2.0,0.1,80,0.43303224617305364,0.0812933107255958,580.8520740709806,0.05805890259262024,2392599.400161382,2486263.482366495,0.3082197784451265,0.5338095231233894,0.0812933107255958,0.2185803118419504,0.9419410974073799,0.899062103383935,0.30751640005821124,0.02438799321767874,0.0546450779604876,0.188388219481476,0.13485931550759025,0.030751640005821125
1.0,2.0,0.2,80,0.43303224617305364,0.0812933107255958,580.8520740709806,0.05805890259262024,2392599.400161382,2486263.482366495,0.3082197784451265,0.5338095231233894,0.0812933107255958,0.2185803118419504,0.9419410974073799,0.899062103383935,0.30751640005821124,0.02438799321767874,0.0546450779604876,0.188388219481476,0.13485931550759025,0.030751640005821125
1.0,2.0,0.3,80,0.43303224617305364,0.0812933107255958,580.8520740709806,0.05805890259262024,2392599.400161382,2486263.482366495,0.3082197784451265,0.5338095231233894,0.0812933107255958,0.2185803118419504,0.9419410974073799,0.899062103383935,0.30751640005821124,0.02438799321767874,0.0546450779604876,0.188388219481476,0.13485931550759025,0.030751640005821125
1.0,2.0,0.4,80,0.43303224617305364,0.0812933107255958,580.8520740709806,0.05805890259262024,2392599.400161382,2486263.482366495,0.3082197784451265,0.5338095231233894,0.0812933107255958,0.2185803118419504,0.9419410974073799,0.899062103383935,0.30751640005821124,0.02438799321767874,0.0546450779604876,0.188388219481476,0.13485931550759025,0.030751640005821125
1.0,2.0,100.0,80,0.4825454783966577,0.08492696764296852,675.1793174138145,0.051165512111532675,2160117.4832062824,2984609.634551599,0.3489280877540651,0.35620490551813905,0.08492696764296852,0.2826390917169522,0.9488344878884675,1.0881225049048067,0.3342234186111456,0.025478090292890554,0.07065977292923804,0.1897668975776935,0.16321837573572098,0.033422341861114556
1.0,2.0,200.0,80,0.48142190208307073,0.08492696764296852,680.6636468796503,0.051165512111532675,2164889.731808005,2983593.587416702,0.3489280877540651,0.385808080018964,0.08492696764296852,0.28233447212870544,0.9488344878884675,1.0881225049048067,0.3237492044458935,0.025478090292890554,0.07058361803217636,0.1897668975776935,0.16321837573572098,0.03237492044458935
1.0,2.0,300.0,80,0.48075562893991347,0.08492696764296852,689.6455068436879,0.051165512111532675,2155008.252069099,2987017.7278617723,0.3489280877540651,0.30146520085950645,0.08492696764296852,0.28307876319507186,0.9488344878884675,1.0881225049048067,0.31522574534840536,0.025478090292890554,0.07076969079876796,0.1897668975776935,0.16321837573572098,0.03152257453484054
1.0,2.0,400.0,80,0.48140915191625344,0.08492696764296852,720.9661446223183,0.051165512111532675,2134189.245644218,2974349.1777953166,0.3489280877540651,0.4074936168425927,0.08492696764296852,0.29033784926892325,0.9488344878884675,1.0881225049048067,0.30361325992717525,0.025478090292890554,0.07258446231723081,0.1897668975776935,0.16321837573572098,0.030361325992717528
1.0,2.0,500.0,80,0.48210946117736553,0.08492696764296852,755.9183121938554,0.051165512111532675,2123889.3023361214,2962984.11456837,0.3489280877540651,0.4583015016899425,0.08492696764296852,0.29741447310467856,0.9488344878884675,1.0881225049048067,0.29292479294890855,0.025478090292890554,0.07435361827616964,0.1897668975776935,0.16321837573572098,0.029292479294890858
1.0,2.0,600.0,80,0.49570790666563413,0.08615053030080162,802.797383587177,0.0578161703927381,2149163.5650639636,3347566.458485229,0.39628500122864346,0.2871253886711262,0.08615053030080162,0.32287264908361435,0.942183829607262,1.135607079260616,0.30366757493945223,0.025845159090240485,0.08071816227090359,0.18843676592145242,0.1703410618890924,0.030366757493945226
1.0,2.0,700.0,80,0.4955087366931642,0.08615053030080162,830.1082458496094,0.0578161703927381,2139859.49060665,3351787.1111296574,0.39628500122864346,0.33026306963709023,0.08615053030080162,0.32726965107987543,0.942183829607262,1.135607079260616,0.2906833702241007,0.025845159090240485,0.08181741276996886,0.18843676592145242,0.1703410618890924,0.02906833702241007
1.0,2.0,800.0,80,0.4968341043864141,0.08615053030080162,870.9848848783053,0.0578161703927381,2104000.232433712,3352439.8492973777,0.39628500122864346,0.3379250155748115,0.08615053030080162,0.3347993093885391,0.942183829607262,1.135607079260616,0.28511290138494016,0.025845159090240485,0.08369982734713477,0.18843676592145242,0.1703410618890924,0.028511290138494016
1.0,2.0,900.0,80,0.4951789063604387,0.08615053030080162,890.066108586238,0.0578161703927381,2081377.4575064902,3348409.135144747,0.39628500122864346,0.26492773772614353,0.08615053030080162,0.33368956685581164,0.942183829607262,1.135607079260616,0.27133527745700503,0.025845159090240485,0.08342239171395291,0.18843676592145242,0.1703410618890924,0.027133527745700506
1.0,2.0,1000.0,80,0.4897425402577765,0.08615053030080162,869.2362723423885,0.0578161703927381,2065070.5557435122,3329761.620789053,0.39628500122864346,0.24135402563626698,0.08615053030080162,0.3180047488249243,0.942183829607262,1.135607079260616,0.25618366150760197,0.025845159090240485,0.07950118720623107,0.18843676592145242,0.1703410618890924,0.0256183661507602
2.0,0.0,0.0,80,0.9102779424347233,0.135547789465636,757.9376247406005,0.13185803366950063,6945972.34062087,6127929.959275416,0.3822337316273812,0.879999999301573,0.135547789465636,0.4105201020811645,0.8681419663304993,3.3583529739954576,0.8960224070932272,0.0406643368396908,0.10263002552029113,0.17362839326609988,0.5037529460993186,0.08960224070932273
2.0,0.0,0.1,80,0.8503374730395572,0.135547789465636,757.937990951538,0.13185803366950063,1380082.2889969088,6090753.012243442,0.3822337316273812,0.4638428232011887,0.135547789465636,0.41052029298062315,0.8681419663304993,3.3583529739954576,0.2966172358929224,0.0406643368396908,0.10263007324515579,0.17362839326609988,0.5037529460993186,0.02966172358929224
2.0,0.0,0.2,80,0.8503374730395572,0.135547789465636,757.937990951538,0.13185803366950063,1380082.2889969088,6090753.012243442,0.3822337316273812,0.4638428232011887,0.135547789465636,0.41052029298062315,0.8681419663304993,3.3583529739954576,0.2966172358929224,0.0406643368396908,0.10263007324515579,0.17362839326609988,0.5037529460993186,0.02966172358929224
2.0,0.0,0.3,80,0.8503374730395572,0.135547789465636,757.937990951538,0.13185803366950063,1380082.2889969088,6090753.012243442,0.3822337316273812,0.4638428232011887,0.135547789465636,0.41052029298062315,0.8681419663304993,3.3583529739954576,0.2966172358929224,0.0406643368396908,0.10263007324515579,0.17362839326609988,0.5037529460993186,0.02966172358929224
2.0,0.0,0.4,80,0.8503374730395572,0.135547789465636,757.937990951538,0.13185803366950063,1380082.2889969088,6090753.012243442,0.3822337316273812,0.4638428232011887,0.135547789465636,0.41052029298062315,0.8681419663304993,3.3583529739954576,0.2966172358929224,0.0406643368396908,0.10263007324515579,0.17362839326609988,0.5037529460993186,0.02966172358929224
2.0,0.0,100.0,80,0.8082128690642273,0.1364863950992003,804.1242733001709,0.13107286159184622,3140070.60492914,10203543.668442087,0.313791204519173,0.5601343094607244,0.1364863950992003,0.419752067813303,0.8689271384081538,3.0659987282355674,0.2864369666417572,0.04094591852976009,0.10493801695332575,0.17378542768163077,0.4598998092353351,0.028643696664175725
2.0,0.0,200.0,80,0.8069600787355984,0.1364863950992003,810.4336324691773,0.13107286159184622,3134456.622867229,10199791.311925458,0.313791204519173,0.6170962363552903,0.1364863950992003,0.4190745244924442,0.8689271384081538,3.0659987282355674,0.2756029216576142,0.04094591852976009,0.10476863112311105,0.17378542768163077,0.4598998092353351,0.02756029216576142
2.0,0.0,300.0,80,0.8063347924369524,0.1364863950992003,822.5281385421753,0.13107286159184622,3105571.5196823124,10190718.747313753,0.313791204519173,0.5490679901390596,0.1364863950992003,0.4210154958626403,0.8689271384081538,3.0659987282355674,0.26449763024566275,0.04094591852976009,0.10525387396566008,0.17378542768163077,0.4598998092353351,0.026449763024566277
2.0,0.0,400.0,80,0.8053822447143499,0.1364863950992003,841.6408939361572,0.13107286159184622,3097726.322758003,10187631.053740203,0.313791204519173,0.6987878779802862,0.1364863950992003,0.4216242263851481,0.8689271384081538,3.0659987282355674,0.25345032671336903,0.04094591852976009,0.10540605659628703,0.17378542768163077,0.4598998092353351,0.025345032671336906
2.0,0.0,500.0,80,0.8048364761915456,0.1364863950992003,860.7507617950439,0.13107286159184622,3074548.6911115595,10183782.559045283,0.313791204519173,0.5476190470389412,0.1364863950992003,0.42374881480026916,0.8689271384081538,3.0659987282355674,0.24268117044752407,0.04094591852976009,0.10593720370006729,0.17378542768163077,0.4598998092353351,0.02426811704475241
2.0,0.0,600.0,80,0.8418777783112613,0.13733490731101483,878.6846405029297,0.1158450873768794,3413349.962875426,11278504.653741634,0.1789542459432202,0.47698412635883947,0.13733490731101483,0.4310768088445556,0.8841549126231205,3.27428973125905,0.249336616933364,0.04120047219330445,0.1077692022111389,0.17683098252462412,0.49114345968885753,0.0249336616933364
2.0,0.0,700.0,80,0.8415894510203081,0.13733490731101483,905.7557605743408,0.1158450873768794,3387886.1199933747,11275415.406086933,0.1789542459432202,0.5257252097306854,0.13733490731101483,0.43435867138330053,0.8841549126231205,3.27428973125905,0.23824868767697013,0.04120047219330445,0.10858966784582513,0.17683098252462412,0.49114345968885753,0.023824868767697016
2.0,0.0,800.0,80,0.8403344223683498,0.13733490731101483,916.6347263336181,0.1158450873768794,3358851.3458569204,11273630.716708032,0.1789542459432202,0.4279942273478785,0.13733490731101483,0.43154160146700465,0.8841549126231205,3.27428973125905,0.23274107594812485,0.04120047219330445,0.10788540036675116,0.17683098252462412,0.49114345968885753,0.023274107594812486
2.0,0.0,900.0,80,0.836831343650082,0.13733490731101483,916.563754272461,0.1158450873768794,3328375.5136418715,11270987.127845105,0.1789542459432202,0.3660317455737541,0.13733490731101483,0.42165352163435904,0.8841549126231205,3.27428973125905,0.22243048834706167,0.04120047219330445,0.10541338040858976,0.17683098252462412,0.49114345968885753,0.022243048834706167
2.0,0.0,1000.0,80,0.8331827386188833,0.13733490731101483,921.0423900604249,0.1158450873768794,3314850.865438716,11273868.063399177,0.1789542459432202,0.4509856803842433,0.13733490731101483,0.4104449007892458,0.8841549126231205,3.27428973125905,0.21396599014785825,0.04120047219330445,0.10261122519731145,0.17683098252462412,0.49114345968885753,0.021396599014785828
2.0,0.5,0.0,80,0.9704828824158973,0.13200473396573215,726.3827465057373,0.14406591550896508,6711841.353787067,5853825.877118677,0.3155670654954338,0.879999999301573,0.13200473396573215,0.39415226925819147,0.8559340844910348,3.810362248694001,0.8960224070932272,0.03960142018971964,0.09853806731454787,0.17118681689820697,0.5715543373041001,0.08960224070932273
2.0,0.5,0.1,80,0.9105423701902875,0.13200473396573215,726.3827869415284,0.14406591550896508,1148356.9685710403,5815280.437967801,0.3155670654954338,0.4638428232011887,0.13200473396573215,0.39415228883587433,0.8559340844910348,3.810362248694001,0.2966172358929224,0.03960142018971964,0.09853807220896858,0.17118681689820697,0.5715543373041001,0.02966172358929224
2.0,0.5,0.2,80,0.9105423701902875,0.13200473396573215,726.3827869415284,0.14406591550896508,1148356.9685710403,5815280.437967801,0.3155670654954338,0.4638428232011887,0.13200473396573215,0.39415228883587433,0.8559340844910348,3.810362248694001,0.2966172358929224,0.03960142018971964,0.09853807220896858,0.17118681689820697,0.5715543373041001,0.02966172358929224
2.0,0.5,0.3,80,0.9105423701902875,0.13200473396573215,726.3827869415284,0.14406591550896508,1148356.9685710403,5815280.437967801,0.3155670654954338,0.4638428232011887,0.13200473396573215,0.39415228883587433,0.8559340844910348,3.810362248694001,0.2966172358929224,0.03960142018971964,0.09853807220896858,0.17118681689820697,0.5715543373041001,0.02966172358929224
2.0,0.5,0.4,80,0.9105423701902875,0.13200473396573215,726.3827869415284,0.14406591550896508,1148356.9685710403,5815280.437967801,0.3155670654954338,0.4638428232011887,0.13200473396573215,0.39415228883587433,0.8559340844910348,3.810362248694001,0.2966172358929224,0.03960142018971964,0.09853807220896858,0.17118681689820697,0.5715543373041001,0.02966172358929224
2.0,0.5,100.0,80,0.8634124544361246,0.13047997227404268,778.7850170135498,0.145169132866278,2561768.136870259,9935388.086451095,0.3163308872924049,0.5601343094607244,0.13047997227404268,0.40585004474426734,0.8548308671337219,3.487973876512831,0.2864369666417572,0.0391439916822128,0.10146251118606683,0.1709661734267444,0.5231960814769246,0.028643696664175725
2.0,0.5,200.0,80,0.8622125946299997,0.13047997227404268,785.4770658493042,0.145169132866278,2556243.1017951756,9931654.559480764,0.3163308872924049,0.6170962363552903,0.13047997227404268,0.4053842235134253,0.8548308671337219,3.487973876512831,0.2756029216576142,0.0391439916822128,0.10134605587835632,0.1709661734267444,0.5231960814769246,0.02756029216576142
2.0,0.5,300.0,80,0.8616921524294654,0.13047997227404268,798.1814575195312,0.145169132866278,2527446.8275775397,9922511.935258307,0.3163308872924049,0.5490679901390596,0.13047997227404268,0.4077445712760682,0.8548308671337219,3.487973876512831,0.26449763024566275,0.0391439916822128,0.10193614281901706,0.1709661734267444,0.5231960814769246,0.026449763024566277
2.0,0.5,400.0,80,0.861058502642828,0.13047997227404268,817.9801425933838,0.145169132866278,2520352.1851537107,9919278.952899268,0.3163308872924049,0.6987878779802862,0.13047997227404268,0.4096288935424372,0.8548308671337219,3.487973876512831,0.25345032671336903,0.0391439916822128,0.1024072233856093,0.1709661734267444,0.5231960814769246,0.025345032671336906
2.0,0.5,500.0,80,0.8608326918332534,0.13047997227404268,839.352290725708,0.145169132866278,2497715.0251387623,9915503.509951182,0.3163308872924049,0.5476190470389412,0.13047997227404268,0.41303331281047556,0.8548308671337219,3.487973876512831,0.24268117044752407,0.0391439916822128,0.10325832820261889,0.1709661734267444,0.5231960814769246,0.02426811704475241
2.0,0.5,600.0,80,0.9249657869730463,0.13008440802805127,829.1592502593994,0.1303074862336823,2944360.5731701334,11308894.732058225,0.1634490539787519,0.47698412635883947,0.13008440802805127,0.4058133754047753,0.8696925137663177,3.904099708445581,0.249336616933364,0.03902532240841538,0.10145334385119383,0.17393850275326356,0.5856149562668371,0.0249336616933364
2.0,0.5,700.0,80,0.9252328598460199,0.13008440802805127,859.6987770080566,0.1303074862336823,2918574.9079384003,11305633.589186536,0.1634490539787519,0.5257252097306854,0.13008440802805127,0.41131683859922746,0.8696925137663177,3.904099708445581,0.23824868767697013,0.03902532240841538,0.10282920964980687,0.17393850275326356,0.5856149562668371,0.023824868767697016
2.0,0.5,800.0,80,0.9242652625537657,0.13008440802805127,871.6332057952881,0.1303074862336823,2888790.677036831,11303720.491227092,0.1634490539787519,0.4279942273478785,0.13008440802805127,0.40964949412174845,0.8696925137663177,3.904099708445581,0.23274107594812485,0.03902532240841538,0.10241237353043711,0.17393850275326356,0.5856149562668371,0.023274107594812486
2.0,0.5,900.0,80,0.9210922194365996,0.13008440802805127,873.0160320281982,0.1303074862336823,2858389.7940976303,11301043.36672506,0.1634490539787519,0.3660317455737541,0.13008440802805127,0.40108155669350853,0.8696925137663177,3.904099708445581,0.22243048834706167,0.03902532240841538,0.10027038917337713,0.17393850275326356,0.5856149562668371,0.022243048834706167
2.0,0.5,1000.0,80,0.9180066621858025,0.13008440802805127,881.3127151489258,0.1303074862336823,2845315.924975841,11304109.811075449,0.1634490539787519,0.4509856803842433,0.13008440802805127,0.3921251269700022,0.8696925137663177,3.904099708445581,0.21396599014785825,0.03902532240841538,0.09803128174250055,0.17393850275326356,0.5856149562668371,0.021396599014785828
2.0,1.0,0.0,80,0.6093246099066956,0.12303737830370665,577.2909557635968,0.1204856365585248,6681984.211411115,5611343.119656928,0.39468671315767606,0.879999999301573,0.12303737830370665,0.30838645230965345,0.8795143634414752,1.5320777996036836,0.8960224070932272,0.03691121349111199,0.07709661307741336,0.17590287268829505,0.22981166994055252,0.08960224070932273
2.0,1.0,0.1,80,0.5493840929329062,0.12303737830370665,577.2909573286007,0.1204856365585248,1122824.5391697031,5578504.862591441,0.39468671315767606,0.4638428232011887,0.12303737830370665,0.3083864528946175,0.8795143634414752,1.5320777996036836,0.2966172358929224,0.03691121349111199,0.07709661322365438,0.17590287268829505,0.22981166994055252,0.02966172358929224
2.0,1.0,0.2,80,0.5493840929329062,0.12303737830370665,577.2909573286007,0.1204856365585248,1122824.5391697031,5578504.862591441,0.39468671315767606,0.4638428232011887,0.12303737830370665,0.3083864528946175,0.8795143634414752,1.5320777996036836,0.2966172358929224,0.03691121349111199,0.07709661322365438,0.17590287268829505,0.22981166994055252,0.02966172358929224
2.0,1.0,0.3,80,0.5493840929329062,0.12303737830370665,577.2909573286007,0.1204856365585248,1122824.5391697031,5578504.862591441,0.39468671315767606,0.4638428232011887,0.12303737830370665,0.3083864528946175,0.8795143634414752,1.5320777996036836,0.2966172358929224,0.03691121349111199,0.07709661322365438,0.17590287268829505,0.22981166994055252,0.02966172358929224
2.0,1.0,0.4,80,0.5493840929329062,0.12303737830370665,577.2909573286007,0.1204856365585248,1122824.5391697031,5578504.862591441,0.39468671315767606,0.4638428232011887,0.12303737830370665,0.3083864528946175,0.8795143634414752,1.5320777996036836,0.2966172358929224,0.03691121349111199,0.07709661322365438,0.17590287268829505,0.22981166994055252,0.02966172358929224
2.0,1.0,100.0,80,0.5289075096967029,0.11890206742100418,614.7577157949472,0.123621268277414,2522905.864587115,9870630.842363032,0.33590475794812386,0.5601343094607244,0.11890206742100418,0.3074135116138763,0.8763787317225858,1.4164271237215973,0.2864369666417572,0.03567062022630125,0.07685337790346908,0.17527574634451717,0.2124640685582396,0.028643696664175725
2.0,1.0,200.0,80,0.5278312559278905,0.11890206742100418,620.3161841058112,0.123621268277414,2517247.8842220614,9866872.859232927,0.33590475794812386,0.6170962363552903,0.11890206742100418,0.3074421145322841,0.8763787317225858,1.4164271237215973,0.2756029216576142,0.03567062022630125,0.07686052863307102,0.17527574634451717,0.2124640685582396,0.02756029216576142
2.0,1.0,300.0,80,0.5276030028418751,0.11890206742100418,634.155264619109,0.123621268277414,2488610.271246659,9857646.294879612,0.33590475794812386,0.5490679901390596,0.11890206742100418,0.310971218753003,0.8763787317225858,1.4164271237215973,0.26449763024566275,0.03567062022630125,0.07774280468825075,0.17527574634451717,0.2124640685582396,0.026449763024566277
2.0,1.0,400.0,80,0.5282411898422107,0.11890206742100418,660.7699697915609,0.123621268277414,2481637.0842457693,9854223.885615025,0.33590475794812386,0.6987878779802862,0.11890206742100418,0.317942888167263,0.8763787317225858,1.4164271237215973,0.25345032671336903,0.03567062022630125,0.07948572204181575,0.17527574634451717,0.2124640685582396,0.025345032671336906
2.0,1.0,500.0,80,0.5288455637687133,0.11890206742100418,683.859522819519,0.123621268277414,2459439.1921612006,9850281.92176731,0.33590475794812386,0.5476190470389412,0.11890206742100418,0.3246680463796115,0.8763787317225858,1.4164271237215973,0.24268117044752407,0.03567062022630125,0.08116701159490287,0.17527574634451717,0.2124640685582396,0.02426811704475241
2.0,1.0,600.0,80,0.5348828022013382,0.11943924592342228,692.4002870970135,0.10584545072802372,3037950.436441986,11489562.806624722,0.2137494731986343,0.47698412635883947,0.11943924592342228,0.3383007068773953,0.8941545492719761,1.4047418677148737,0.249336616933364,0.03583177377702668,0.08457517671934882,0.17883090985439523,0.21071128015723106,0.0249336616933364
2.0,1.0,700.0,80,0.5355593226485791,0.11943924592342228,726.6418739029124,0.10584545072802372,3011994.0251889247,11486120.71792317,0.2137494731986343,0.5257252097306854,0.11943924592342228,0.3454419603689164,0.8941545492719761,1.4047418677148737,0.23824868767697013,0.03583177377702668,0.0863604900922291,0.17883090985439523,0.21071128015723106,0.023824868767697016
2.0,1.0,800.0,80,0.5337276202609942,0.11943924592342228,729.2871236680429,0.10584545072802372,2981928.433751731,11484174.014817055,0.2137494731986343,0.4279942273478785,0.11943924592342228,0.3403181955101148,0.8941545492719761,1.4047418677148737,0.23274107594812485,0.03583177377702668,0.0850795488775287,0.17883090985439523,0.21071128015723106,0.023274107594812486
2.0,1.0,900.0,80,0.5294654298534822,0.11943924592342228,722.0407940828347,0.10584545072802372,2951350.031790031,11481402.479700288,0.2137494731986343,0.3660317455737541,0.11943924592342228,0.327393668920492,0.8941545492719761,1.4047418677148737,0.22243048834706167,0.03583177377702668,0.081848417230123,0.17883090985439523,0.21071128015723106,0.022243048834706167
2.0,1.0,1000.0,80,0.5259641269613422,0.11943924592342228,723.1218136171751,0.10584545072802372,2938348.705363417,11484598.81601193,0.2137494731986343,0.4509856803842433,0.11943924592342228,0.31677425663161357,0.8941545492719761,1.4047418677148737,0.21396599014785825,0.03583177377702668,0.07919356415790339,0.17883090985439523,0.21071128015723106,0.021396599014785828
2.0,1.5,0.0,80,0.6158615775319651,0.12127215447835624,568.0550838372646,0.11940559001773039,6648400.089177195,5523724.138568631,0.42158729789703664,0.879999999301573,0.12127215447835624,0.30394452314019194,0.8805944099822696,1.5851511846508912,0.8960224070932272,0.03638164634350687,0.07598613078504798,0.17611888199645392,0.23777267769763366,0.08960224070932273
2.0,1.5,0.1,80,0.5559210604119347,0.12127215447835624,568.0550838372646,0.11940559001773039,1089450.394727019,5490054.634629135,0.42158729789703664,0.4638428232011887,0.12127215447835624,0.30394452314019194,0.8805944099822696,1.5851511846508912,0.2966172358929224,0.03638164634350687,0.07598613078504798,0.17611888199645392,0.23777267769763366,0.02966172358929224
2.0,1.5,0.2,80,0.5559210604119347,0.12127215447835624,568.0550838372646,0.11940559001773039,1089450.394727019,5490054.634629135,0.42158729789703664,0.4638428232011887,0.12127215447835624,0.30394452314019194,0.8805944099822696,1.5851511846508912,0.2966172358929224,0.03638164634350687,0.07598613078504798,0.17611888199645392,0.23777267769763366,0.02966172358929224
2.0,1.5,0.3,80,0.5559210604119347,0.12127215447835624,568.0550838372646,0.11940559001773039,1089450.394727019,5490054.634629135,0.42158729789703664,0.4638428232011887,0.12127215447835624,0.30394452314019194,0.8805944099822696,1.5851511846508912,0.2966172358929224,0.03638164634350687,0.07598613078504798,0.17611888199645392,0.23777267769763366,0.02966172358929224
2.0,1.5,0.4,80,0.5559210604119347,0.12127215447835624,568.0550838372646,0.11940559001773039,1089450.394727019,5490054.634629135,0.42158729789703664,0.4638428232011887,0.12127215447835624,0.30394452314019194,0.8805944099822696,1.5851511846508912,0.2966172358929224,0.03638164634350687,0.07598613078504798,0.17611888199645392,0.23777267769763366,0.02966172358929224
2.0,1.5,100.0,80,0.5457046792859158,0.11580593716353178,606.253651507489,0.12455292300766825,2477832.2893389324,9794033.273954593,0.32190475813561686,0.5601343094607244,0.11580593716353178,0.30362708684205364,0.8754470769923317,1.5421534290913386,0.2864369666417572,0.034741781149059535,0.07590677171051341,0.17508941539846634,0.23132301436370079,0.028643696664175725
2.0,1.5,200.0,80,0.5446699161804303,0.11580593716353178,611.995285727761,0.12455292300766825,2472182.043882881,9790339.097564463,0.32190475813561686,0.6170962363552903,0.11580593716353178,0.3038216524137688,0.8754470769923317,1.5421534290913386,0.2756029216576142,0.034741781149059535,0.0759554131034422,0.17508941539846634,0.23132301436370079,0.02756029216576142
2.0,1.5,300.0,80,0.5445221276301047,0.11580593716353178,626.2982414542855,0.12455292300766825,2443612.347991905,9781165.91967164,0.32190475813561686,0.5490679901390596,0.11580593716353178,0.3076726147772469,0.8754470769923317,1.5421534290913386,0.26449763024566275,0.034741781149059535,0.07691815369431172,0.17508941539846634,0.23132301436370079,0.026449763024566277
2.0,1.5,400.0,80,0.5454448657179074,0.11580593716353178,654.6279814088499,0.12455292300766825,2436570.2831236976,9777746.174214777,0.32190475813561686,0.6987878779802862,0.11580593716353178,0.31578248854137525,0.8754470769923317,1.5421534290913386,0.25345032671336903,0.034741781149059535,0.07894562213534381,0.17508941539846634,0.23132301436370079,0.025345032671336906
2.0,1.5,500.0,80,0.5460868836259616,0.11580593716353178,677.6694610397537,0.12455292300766825,2414470.433040196,9773792.859565577,0.32190475813561686,0.5476190470389412,0.11580593716353178,0.32265822267993033,0.8754470769923317,1.5421534290913386,0.24268117044752407,0.034741781149059535,0.08066455566998258,0.17508941539846634,0.23132301436370079,0.02426811704475241
2.0,1.5,600.0,80,0.531821308362948,0.11618066335795448,681.951745528209,0.10788475473458677,3024926.3540435703,11486898.783692783,0.20951496074929066,0.47698412635883947,0.11618066335795448,0.33421438525955627,0.8921152452654134,1.4003786819616908,0.249336616933364,0.034854199007386344,0.08355359631488907,0.1784230490530827,0.2100568022942536,0.0249336616933364
2.0,1.5,700.0,80,0.5322771638535115,0.11618066335795448,714.0885380612144,0.10788475473458677,2999012.4734472805,11483472.481706485,0.20951496074929066,0.5257252097306854,0.11618066335795448,0.3404729789243678,0.8921152452654134,1.4003786819616908,0.23824868767697013,0.034854199007386344,0.08511824473109195,0.1784230490530827,0.2100568022942536,0.023824868767697016
2.0,1.5,800.0,80,0.5309966725393458,0.11618066335795448,721.9608884400959,0.10788475473458677,2968909.914177523,11481582.773929821,0.20951496074929066,0.4279942273478785,0.11618066335795448,0.3375540583592431,0.8921152452654134,1.4003786819616908,0.23274107594812485,0.034854199007386344,0.08438851458981078,0.1784230490530827,0.2100568022942536,0.023274107594812486
2.0,1.5,900.0,80,0.5270414126043755,0.11618066335795448,716.3715534451642,0.10788475473458677,2938267.492849939,11478793.255949523,0.20951496074929066,0.3660317455737541,0.11618066335795448,0.3258572536597874,0.8921152452654134,1.4003786819616908,0.22243048834706167,0.034854199007386344,0.08146431341494685,0.1784230490530827,0.2100568022942536,0.022243048834706167
2.0,1.5,1000.0,80,0.5219117977579437,0.11618066335795448,704.9605807533748,0.10788475473458677,2925269.1793212,11482039.493152278,0.20951496074929066,0.4509856803842433,0.11618066335795448,0.30872459355374104,0.8921152452654134,1.4003786819616908,0.21396599014785825,0.034854199007386344,0.07718114838843526,0.1784230490530827,0.2100568022942536,0.021396599014785828
2.0,2.0,0.0,80,0.5495295461908537,0.11642563263885677,519.7655184896369,0.10174211176182635,6714370.230356397,5643512.108738623,0.41426703646979185,0.879999999301573,0.11642563263885677,0.26956551705767445,0.8982578882381735,1.18637772518547,0.8960224070932272,0.03492768979165703,0.06739137926441861,0.17965157764763473,0.1779566587778205,0.08960224070932273
2.0,2.0,0.1,80,0.4895890292170642,0.11642563263885677,519.7655200958252,0.10174211176182635,1156856.7781586428,5615876.289811706,0.41426703646979185,0.4638428232011887,0.11642563263885677,0.2695655176426386,0.8982578882381735,1.18637772518547,0.2966172358929224,0.03492768979165703,0.06739137941065965,0.17965157764763473,0.1779566587778205,0.02966172358929224
2.0,2.0,0.2,80,0.4895890292170642,0.11642563263885677,519.7655200958252,0.10174211176182635,1156856.7781586428,5615876.289811706,0.41426703646979185,0.4638428232011887,0.11642563263885677,0.2695655176426386,0.8982578882381735,1.18637772518547,0.2966172358929224,0.03492768979165703,0.06739137941065965,0.17965157764763473,0.1779566587778205,0.02966172358929224
2.0,2.0,0.3,80,0.4895890292170642,0.11642563263885677,519.7655200958252,0.10174211176182635,1156856.7781586428,5615876.289811706,0.41426703646979185,0.4638428232011887,0.11642563263885677,0.2695655176426386,0.8982578882381735,1.18637772518547,0.2966172358929224,0.03492768979165703,0.06739137941065965,0.17965157764763473,0.1779566587778205,0.02966172358929224
2.0,2.0,0.4,80,0.4895890292170642,0.11642563263885677,519.7655200958252,0.10174211176182635,1156856.7781586428,5615876.289811706,0.41426703646979185,0.4638428232011887,0.11642563263885677,0.2695655176426386,0.8982578882381735,1.18637772518547,0.2966172358929224,0.03492768979165703,0.06739137941065965,0.17965157764763473,0.1779566587778205,0.02966172358929224
2.0,2.0,100.0,80,0.48443240866234544,0.11109513117698952,558.6869901355944,0.10727721164760291,2590348.3739407007,9960951.596156528,0.3196825361290956,0.5601343094607244,0.11109513117698952,0.2741083737665451,0.8927227883523973,1.1692568102197147,0.2864369666417572,0.033328539353096855,0.06852709344163628,0.17854455767047947,0.1753885215329572,0.028643696664175725
2.0,2.0,200.0,80,0.48327053339338216,0.11109513117698952,563.3140050988449,0.10727721164760291,2584663.2379560973,9957190.429470865,0.3196825361290956,0.6170962363552903,0.11109513117698952,0.2737944906843485,0.8927227883523973,1.1692568102197147,0.2756029216576142,0.033328539353096855,0.06844862267108713,0.17854455767047947,0.1753885215329572,0.02756029216576142
2.0,2.0,300.0,80,0.48282147988000756,0.11109513117698952,574.3443470001221,0.10727721164760291,2556078.9075334454,9947960.397873066,0.3196825361290956,0.5490679901390596,0.11109513117698952,0.27644039319563085,0.8927227883523973,1.1692568102197147,0.26449763024566275,0.033328539353096855,0.06911009829890771,0.17854455767047947,0.1753885215329572,0.026449763024566277
2.0,2.0,400.0,80,0.48320653780800116,0.11109513117698952,595.5410203431782,0.10727721164760291,2548955.450618591,9944446.527335923,0.3196825361290956,0.6987878779802862,0.11109513117698952,0.2823995463205232,0.8927227883523973,1.1692568102197147,0.25345032671336903,0.033328539353096855,0.0705998865801308,0.17854455767047947,0.1753885215329572,0.025345032671336906
2.0,2.0,500.0,80,0.48502119039371594,0.11109513117698952,626.4942680158114,0.10727721164760291,2526855.9292455446,9940301.450103045,0.3196825361290956,0.5476190470389412,0.11109513117698952,0.2939658191697207,0.8927227883523973,1.1692568102197147,0.24268117044752407,0.033328539353096855,0.07349145479243017,0.17854455767047947,0.1753885215329572,0.02426811704475241
2.0,2.0,600.0,80,0.47629095840628394,0.11044431561604143,653.8455411242201,0.09636596659592318,3129981.7466699257,11636213.956585156,0.15816378437824286,0.47698412635883947,0.11044431561604143,0.31276817010503344,0.9036340334040769,1.0620343521404096,0.249336616933364,0.03313329468481243,0.07819204252625836,0.1807268066808154,0.15930515282106145,0.0249336616933364
2.0,2.0,700.0,80,0.4757394160248225,0.11044431561604143,676.0228851120194,0.09636596659592318,3104064.636075276,11632730.278643204,0.15816378437824286,0.5257252097306854,0.11044431561604143,0.314997172281745,0.9036340334040769,1.0620343521404096,0.23824868767697013,0.03313329468481243,0.07874929307043625,0.1807268066808154,0.15930515282106145,0.023824868767697016
2.0,2.0,800.0,80,0.47308558860314215,0.11044431561604143,671.6325063333883,0.09636596659592318,3074019.5309672426,11630841.181877648,0.15816378437824286,0.4279942273478785,0.11044431561604143,0.3065849072865617,0.9036340334040769,1.0620343521404096,0.23274107594812485,0.03313329468481243,0.07664622682164042,0.1807268066808154,0.15930515282106145,0.023274107594812486
2.0,2.0,900.0,80,0.46904154723350466,0.11044431561604143,663.1933887035816,0.09636596659592318,3043407.507331904,11628043.905055724,0.15816378437824286,0.3660317455737541,0.11044431561604143,0.29453297684843693,0.9036340334040769,1.0620343521404096,0.22243048834706167,0.03313329468481243,0.07363324421210923,0.1807268066808154,0.15930515282106145,0.022243048834706167
2.0,2.0,1000.0,80,0.46209554531680713,0.11044431561604143,634.060957475142,0.09636596659592318,3030491.34715867,11631319.006309021,0.15816378437824286,0.4509856803842433,0.11044431561604143,0.27013476846132817,0.9036340334040769,1.0620343521404096,0.21396599014785825,0.03313329468481243,0.06753369211533204,0.1807268066808154,0.15930515282106145,0.021396599014785828
3.0,0.0,0.0,80,0.9918503876846779,0.1745134496130049,874.3610553741455,0.1406533821702013,20742635.11828518,28218197.635379467,0.2810300518229318,0.7934887326250153,0.1745134496130049,0.455000182773124,0.8593466178297987,3.817744918970173,0.8121524569600964,0.052354034883901474,0.113750045693281,0.17186932356595974,0.572661737845526,0.08121524569600964
3.0,0.0,0.1,80,0.9484792673292445,0.1745134496130049,874.3616405487061,0.1406533821702013,16637793.9797068,28278831.371557686,0.2810300518229318,0.3717604611052291,0.1745134496130049,0.45500052587895856,0.8593466178297987,3.817744918970173,0.3784403956411756,0.052354034883901474,0.11375013146973964,0.17186932356595974,0.572661737845526,0.03784403956411756
3.0,0.0,0.2,80,0.9484792673292445,0.1745134496130049,874.3616405487061,0.1406533821702013,16637793.9797068,28278831.371557686,0.2810300518229318,0.3717604611052291,0.1745134496130049,0.45500052587895856,0.8593466178297987,3.817744918970173,0.3784403956411756,0.052354034883901474,0.11375013146973964,0.17186932356595974,0.572661737845526,0.03784403956411756
3.0,0.0,0.3,80,0.9484792673292445,0.1745134496130049,874.3616405487061,0.1406533821702013,16637793.9797068,28278831.371557686,0.2810300518229318,0.3717604611052291,0.1745134496130049,0.45500052587895856,0.8593466178297987,3.817744918970173,0.3784403956411756,0.052354034883901474,0.11375013146973964,0.17186932356595974,0.572661737845526,0.03784403956411756
3.0,0.0,0.4,80,0.9484792673292445,0.1745134496130049,874.3616405487061,0.1406533821702013,16637793.9797068,28278831.371557686,0.2810300518229318,0.3717604611052291,0.1745134496130049,0.45500052587895856,0.8593466178297987,3.817744918970173,0.3784403956411756,0.052354034883901474,0.11375013146973964,0.17186932356595974,0.572661737845526,0.03784403956411756
3.0,0.0,100.0,80,0.8852471616542934,0.19677097005769612,895.0070659637452,0.1327914478832273,15398774.74617251,24825569.44156284,0.27481899204179466,0.5484737477375461,0.19677097005769612,0.47244668610981033,0.8672085521167727,3.3274043932784663,0.35551829694407605,0.059031291017308835,0.11811167152745258,0.17344171042335454,0.49911065899176993,0.03555182969440761
3.0,0.0,200.0,80,0.8838113634233771,0.19677097005769612,902.0089763641357,0.1327914478832273,15389284.658651073,24819989.246009253,0.27481899204179466,0.5525607718084399,0.19677097005769612,0.47181890363235707,0.8672085521167727,3.3274043932784663,0.3427297708285468,0.059031291017308835,0.11795472590808927,0.17344171042335454,0.49911065899176993,0.03427297708285468
3.0,0.0,300.0,80,0.883128899011475,0.19677097005769612,917.3336269378663,0.1327914478832273,15361079.302671388,24806088.31675438,0.27481899204179466,0.6604761896467041,0.19677097005769612,0.4746208775903236,0.8672085521167727,3.3274043932784663,0.32890019181460706,0.059031291017308835,0.1186552193975809,0.17344171042335454,0.49911065899176993,0.03289001918146071
3.0,0.0,400.0,80,0.8810991041876747,0.19677097005769612,931.0177684783936,0.1327914478832273,15334350.751920149,24798811.755786918,0.27481899204179466,0.5899206342084494,0.19677097005769612,0.4714702358037927,0.8672085521167727,3.3274043932784663,0.31647884804293297,0.059031291017308835,0.11786755895094818,0.17344171042335454,0.49911065899176993,0.0316478848042933
3.0,0.0,500.0,80,0.8807525495832526,0.19677097005769612,952.7868019104004,0.1327914478832273,15307957.135830209,24799002.620036364,0.27481899204179466,0.46031745965754534,0.19677097005769612,0.4744124048136154,0.8672085521167727,3.3274043932784663,0.30565787947415357,0.059031291017308835,0.11860310120340385,0.17344171042335454,0.49911065899176993,0.03056578794741536
3.0,0.0,600.0,80,0.8490168975977426,0.21553310747258364,971.709884262085,0.13064408386927115,14232738.046333518,20094239.37267561,0.48999999412139805,0.4848196242664785,0.21553310747258364,0.46474717645266084,0.8693559161307289,3.091160054787167,0.30624979798581337,0.06465993224177509,0.11618679411316521,0.1738711832261458,0.46367400821807503,0.030624979798581337
3.0,0.0,700.0,80,0.8459419404747394,0.21553310747258364,975.5460697174072,0.13064408386927115,14216647.419610906,20102737.14125645,0.48999999412139805,0.5004972799660293,0.21553310747258364,0.45527689685565537,0.8693559161307289,3.091160054787167,0.29917592574829666,0.06465993224177509,0.11381922421391384,0.1738711832261458,0.46367400821807503,0.029917592574829666
3.0,0.0,800.0,80,0.844573952919063,0.21553310747258364,982.6776142120361,0.13064408386927115,14209975.766720826,20117465.943526637,0.48999999412139805,0.43483405430368544,0.21553310747258364,0.45040496051054557,0.8693559161307289,3.091160054787167,0.2976758910543077,0.06465993224177509,0.11260124012763639,0.1738711832261458,0.46367400821807503,0.029767589105430772
3.0,0.0,900.0,80,0.8427745525605943,0.21553310747258364,991.4579746246338,0.13064408386927115,14214373.246892272,20122567.092159633,0.48999999412139805,0.41005771959471704,0.21553310747258364,0.445522911742742,0.8693559161307289,3.091160054787167,0.2918870093891269,0.06465993224177509,0.1113807279356855,0.1738711832261458,0.46367400821807503,0.02918870093891269
3.0,0.0,1000.0,80,0.8392256110477077,0.21553310747258364,992.4756357192994,0.13064408386927115,14234796.23734488,20142264.456638087,0.48999999412139805,0.47529581467210863,0.21553310747258364,0.4337815798431201,0.8693559161307289,3.091160054787167,0.2857509240093164,0.06465993224177509,0.10844539496078003,0.1738711832261458,0.46367400821807503,0.028575092400931642
3.0,0.5,0.0,80,1.1330376168132168,0.16677062618546187,826.0314228057862,0.15613414492933064,19792686.520248644,27716503.61896314,0.26718389806671344,0.7934887326250153,0.16677062618546187,0.4306278664975311,0.8438658550706692,4.835740304153679,0.8121524569600964,0.05003118785563856,0.10765696662438277,0.16877317101413386,0.7253610456230518,0.08121524569600964
3.0,0.5,0.1,80,1.0896664371797062,0.16677062618546187,826.0316143035889,0.15613414492933064,15687963.791912496,27776799.107206177,0.26718389806671344,0.3717604611052291,0.16677062618546187,0.4306279724910575,0.8438658550706692,4.835740304153679,0.3784403956411756,0.05003118785563856,0.10765699312276437,0.16877317101413386,0.7253610456230518,0.03784403956411756
3.0,0.5,0.2,80,1.0896664371797062,0.16677062618546187,826.0316143035889,0.15613414492933064,15687963.791912496,27776799.107206177,0.26718389806671344,0.3717604611052291,0.16677062618546187,0.4306279724910575,0.8438658550706692,4.835740304153679,0.3784403956411756,0.05003118785563856,0.10765699312276437,0.16877317101413386,0.7253610456230518,0.03784403956411756
3.0,0.5,0.3,80,1.0896664371797062,0.16677062618546187,826.0316143035889,0.15613414492933064,15687963.791912496,27776799.107206177,0.26718389806671344,0.3717604611052291,0.16677062618546187,0.4306279724910575,0.8438658550706692,4.835740304153679,0.3784403956411756,0.05003118785563856,0.10765699312276437,0.16877317101413386,0.7253610456230518,0.03784403956411756
3.0,0.5,0.4,80,1.0896664371797062,0.16677062618546187,826.0316143035889,0.15613414492933064,15687963.791912496,27776799.107206177,0.26718389806671344,0.3717604611052291,0.16677062618546187,0.4306279724910575,0.8438658550706692,4.835740304153679,0.3784403956411756,0.05003118785563856,0.10765699312276437,0.16877317101413386,0.7253610456230518,0.03784403956411756
3.0,0.5,100.0,80,0.9420578349926252,0.18818073971197008,850.2155639648438,0.14369316155925088,14093135.049179416,24222451.626096386,0.2659439059214239,0.5484737477375461,0.18818073971197008,0.44963615631665077,0.8563068384407491,3.7758758441154265,0.35551829694407605,0.05645422191359102,0.11240903907916269,0.1712613676881498,0.5663813766173139,0.03555182969440761
3.0,0.5,200.0,80,0.9407001019974203,0.18818073971197008,857.56918258667,0.14369316155925088,14083749.50163276,24216835.21239406,0.2659439059214239,0.5525607718084399,0.18818073971197008,0.44932063478204365,0.8563068384407491,3.7758758441154265,0.3427297708285468,0.05645422191359102,0.11233015869551091,0.1712613676881498,0.5663813766173139,0.03427297708285468
3.0,0.5,300.0,80,0.9401594038898009,0.18818073971197008,873.5907497406006,0.14369316155925088,14055409.329612786,24202626.17870444,0.2659439059214239,0.6604761896467041,0.18818073971197008,0.452689673957142,0.8563068384407491,3.7758758441154265,0.32890019181460706,0.05645422191359102,0.1131724184892855,0.1712613676881498,0.5663813766173139,0.03289001918146071
3.0,0.5,400.0,80,0.9382959526714151,0.18818073971197008,887.7278789520263,0.14369316155925088,14029190.202133203,24195261.72897066,0.2659439059214239,0.5899206342084494,0.18818073971197008,0.45020440659226757,0.8563068384407491,3.7758758441154265,0.31647884804293297,0.05645422191359102,0.11255110164806689,0.1712613676881498,0.5663813766173139,0.0316478848042933
3.0,0.5,500.0,80,0.9382528522107026,0.18818073971197008,911.6951877593995,0.14369316155925088,14004217.519909302,24195449.67543581,0.2659439059214239,0.46031745965754534,0.18818073971197008,0.45436039217693036,0.8563068384407491,3.7758758441154265,0.30565787947415357,0.05645422191359102,0.11359009804423259,0.1712613676881498,0.5663813766173139,0.03056578794741536
3.0,0.5,600.0,80,0.9452489710463435,0.2073046961799264,940.7668579101562,0.14231408034066792,12989294.490689786,19532903.805879273,0.4441731551708998,0.4848196242664785,0.2073046961799264,0.449571885240466,0.8576859196593322,3.790016181012009,0.30624979798581337,0.06219140885397791,0.1123929713101165,0.17153718393186645,0.5685024271518013,0.030624979798581337
3.0,0.5,700.0,80,0.9421409128515762,0.2073046961799264,943.5643241882324,0.14231408034066792,12973661.655572731,19541801.704614937,0.4441731551708998,0.5004972799660293,0.2073046961799264,0.43996920135640344,0.8576859196593322,3.790016181012009,0.29917592574829666,0.06219140885397791,0.10999230033910086,0.17153718393186645,0.5685024271518013,0.029917592574829666
3.0,0.5,800.0,80,0.9408507298673063,0.2073046961799264,950.5889625549316,0.14231408034066792,12968434.952024698,19556877.2739157,0.4441731551708998,0.43483405430368544,0.2073046961799264,0.43540848329691945,0.8576859196593322,3.790016181012009,0.2976758910543077,0.06219140885397791,0.10885212082422986,0.17153718393186645,0.5685024271518013,0.029767589105430772
3.0,0.5,900.0,80,0.9391209141805774,0.2073046961799264,958.9286323547364,0.14231408034066792,12972247.829467162,19562322.38190135,0.4441731551708998,0.41005771959471704,0.2073046961799264,0.43080477321607613,0.8576859196593322,3.790016181012009,0.2918870093891269,0.06219140885397791,0.10770119330401903,0.17153718393186645,0.5685024271518013,0.02918870093891269
3.0,0.5,1000.0,80,0.9357438757940073,0.2073046961799264,960.8385305404663,0.14231408034066792,12993806.68464562,19582546.356314916,0.4441731551708998,0.47529581467210863,0.2073046961799264,0.41975105382171957,0.8576859196593322,3.790016181012009,0.2857509240093164,0.06219140885397791,0.10493776345542989,0.17153718393186645,0.5685024271518013,0.028575092400931642
3.0,1.0,0.0,80,0.6994477024601469,0.15279916157014667,696.8804922103882,0.13193991729000284,19510884.93975327,27096918.707780328,0.2736370743225804,0.7934887326250153,0.15279916157014667,0.36397047077699174,0.8680600827099971,2.0519204937123066,0.8121524569600964,0.045839748471044,0.09099261769424793,0.17361201654199943,0.307788074056846,0.08121524569600964
3.0,1.0,0.1,80,0.6560764970546662,0.15279916157014667,696.8804975509644,0.13193991729000284,15409737.586147495,27157314.608330358,0.2736370743225804,0.3717604611052291,0.15279916157014667,0.36397047368263713,0.8680600827099971,2.0519204937123066,0.3784403956411756,0.045839748471044,0.09099261842065928,0.17361201654199943,0.307788074056846,0.03784403956411756
3.0,1.0,0.2,80,0.6560764970546662,0.15279916157014667,696.8804975509644,0.13193991729000284,15409737.586147495,27157314.608330358,0.2736370743225804,0.3717604611052291,0.15279916157014667,0.36397047368263713,0.8680600827099971,2.0519204937123066,0.3784403956411756,0.045839748471044,0.09099261842065928,0.17361201654199943,0.307788074056846,0.03784403956411756
3.0,1.0,0.3,80,0.6560764970546662,0.15279916157014667,696.8804975509644,0.13193991729000284,15409737.586147495,27157314.608330358,0.2736370743225804,0.3717604611052291,0.15279916157014667,0.36397047368263713,0.8680600827099971,2.0519204937123066,0.3784403956411756,0.045839748471044,0.09099261842065928,0.17361201654199943,0.307788074056846,0.03784403956411756
3.0,1.0,0.4,80,0.6560764970546662,0.15279916157014667,696.8804975509644,0.13193991729000284,15409737.586147495,27157314.608330358,0.2736370743225804,0.3717604611052291,0.15279916157014667,0.36397047368263713,0.8680600827099971,2.0519204937123066,0.3784403956411756,0.045839748471044,0.09099261842065928,0.17361201654199943,0.307788074056846,0.03784403956411756
3.0,1.0,100.0,80,0.5734737591357091,0.1667358372360468,648.852972793579,0.12162638097812654,12974635.487335175,23062383.64870766,0.29776715487404865,0.5484737477375461,0.1667358372360468,0.34307356669519057,0.8783736190218734,1.5097204186154345,0.35551829694407605,0.05002075117081404,0.08576839167379764,0.17567472380437468,0.22645806279231517,0.03555182969440761
3.0,1.0,200.0,80,0.5722041762886008,0.1667358372360468,654.4115392684937,0.12162638097812654,12965540.551093984,23056569.00794584,0.29776715487404865,0.5525607718084399,0.1667358372360468,0.34311064575296873,0.8783736190218734,1.5097204186154345,0.3427297708285468,0.05002075117081404,0.08577766143824218,0.17567472380437468,0.22645806279231517,0.03427297708285468
3.0,1.0,300.0,80,0.5721415513344213,0.1667358372360468,672.1593206405639,0.12162638097812654,12936579.420287073,23041926.968217798,0.29776715487404865,0.6604761896467041,0.1667358372360468,0.3483919775418269,0.8783736190218734,1.5097204186154345,0.32890019181460706,0.05002075117081404,0.08709799438545672,0.17567472380437468,0.22645806279231517,0.03289001918146071
3.0,1.0,400.0,80,0.5714935475204531,0.1667358372360468,690.7058937072754,0.12162638097812654,12911485.765567802,23034022.533320203,0.29776715487404865,0.5899206342084494,0.1667358372360468,0.3507684997946236,0.8783736190218734,1.5097204186154345,0.31647884804293297,0.05002075117081404,0.0876921249486559,0.17567472380437468,0.22645806279231517,0.0316478848042933
3.0,1.0,500.0,80,0.5716335255334826,0.1667358372360468,712.8165800094605,0.12162638097812654,12889070.86102863,23033362.27016679,0.29776715487404865,0.46031745965754534,0.1667358372360468,0.3556567992742532,0.8783736190218734,1.5097204186154345,0.30565787947415357,0.05002075117081404,0.0889141998185633,0.17567472380437468,0.22645806279231517,0.03056578794741536
3.0,1.0,600.0,80,0.5791943247545763,0.18357853763736784,731.2895286560058,0.11394404285706088,11511800.546842143,18386070.717906393,0.42866421992045783,0.4848196242664785,0.18357853763736784,0.352425131351107,0.8860559571429392,1.521188729322801,0.30624979798581337,0.05507356129121035,0.08810628283777674,0.17721119142858785,0.22817830939842015,0.030624979798581337
3.0,1.0,700.0,80,0.5753790406744899,0.18357853763736784,726.7483943939209,0.11394404285706088,11498562.070863664,18395712.466566276,0.42866421992045783,0.5004972799660293,0.18357853763736784,0.33999354392576764,0.8860559571429392,1.521188729322801,0.29917592574829666,0.05507356129121035,0.08499838598144191,0.17721119142858785,0.22817830939842015,0.029917592574829666
3.0,1.0,800.0,80,0.5751198816070181,0.18357853763736784,738.4791896820068,0.11394404285706088,11497354.64793779,18412170.314452365,0.42866421992045783,0.43483405430368544,0.18357853763736784,0.33955692153347605,0.8860559571429392,1.521188729322801,0.2976758910543077,0.05507356129121035,0.08488923038336901,0.17721119142858785,0.22817830939842015,0.029767589105430772
3.0,1.0,900.0,80,0.5720255884444887,0.18357853763736784,733.619078540802,0.11394404285706088,11501597.829569604,18417468.397514462,0.42866421992045783,0.41005771959471704,0.18357853763736784,0.3294953015494307,0.8860559571429392,1.521188729322801,0.2918870093891269,0.05507356129121035,0.08237382538735767,0.17721119142858785,0.22817830939842015,0.02918870093891269
3.0,1.0,1000.0,80,0.5683567594847772,0.18357853763736784,727.2613531112671,0.11394404285706088,11525383.65236843,18438576.344506316,0.42866421992045783,0.47529581467210863,0.18357853763736784,0.31727441986250865,0.8860559571429392,1.521188729322801,0.2857509240093164,0.05507356129121035,0.07931860496562716,0.17721119142858785,0.22817830939842015,0.028575092400931642
3.0,1.5,0.0,80,0.7377876883204197,0.14759043380618095,690.8393186569214,0.13376157385355308,19195747.048262775,26931929.040329542,0.2601697720891567,0.7934887326250153,0.14759043380618095,0.3609965165703779,0.8662384261464469,2.3253233207378132,0.8121524569600964,0.04427713014185428,0.09024912914259448,0.17324768522928938,0.348798498110672,0.08121524569600964
3.0,1.5,0.1,80,0.6944164821885277,0.14759043380618095,690.8393186569214,0.13376157385355308,15095373.765610706,26991936.413355842,0.2601697720891567,0.3717604611052291,0.14759043380618095,0.3609965165703779,0.8662384261464469,2.3253233207378132,0.3784403956411756,0.04427713014185428,0.09024912914259448,0.17324768522928938,0.348798498110672,0.03784403956411756
3.0,1.5,0.2,80,0.6944164821885277,0.14759043380618095,690.8393186569214,0.13376157385355308,15095373.765610706,26991936.413355842,0.2601697720891567,0.3717604611052291,0.14759043380618095,0.3609965165703779,0.8662384261464469,2.3253233207378132,0.3784403956411756,0.04427713014185428,0.09024912914259448,0.17324768522928938,0.348798498110672,0.03784403956411756
3.0,1.5,0.3,80,0.6944164821885277,0.14759043380618095,690.8393186569214,0.13376157385355308,15095373.765610706,26991936.413355842,0.2601697720891567,0.3717604611052291,0.14759043380618095,0.3609965165703779,0.8662384261464469,2.3253233207378132,0.3784403956411756,0.04427713014185428,0.09024912914259448,0.17324768522928938,0.348798498110672,0.03784403956411756
3.0,1.5,0.4,80,0.6944164821885277,0.14759043380618095,690.8393186569214,0.13376157385355308,15095373.765610706,26991936.413355842,0.2601697720891567,0.3717604611052291,0.14759043380618095,0.3609965165703779,0.8662384261464469,2.3253233207378132,0.3784403956411756,0.04427713014185428,0.09024912914259448,0.17324768522928938,0.348798498110672,0.03784403956411756
3.0,1.5,100.0,80,0.5926237133924092,0.14963702470995485,629.1288591384888,0.12824845461119203,11655679.516794648,22146828.37069758,0.29372102593077654,0.5484737477375461,0.14963702470995485,0.33046001231916355,0.871751545388808,1.7014364275164175,0.35551829694407605,0.04489110741298646,0.08261500307979089,0.1743503090777616,0.2552154641274626,0.03555182969440761
3.0,1.5,200.0,80,0.5913452336525091,0.14963702470995485,634.5344501495362,0.12824845461119203,11646521.309308304,22140887.636940286,0.29372102593077654,0.5525607718084399,0.14963702470995485,0.33046150380577555,0.871751545388808,1.7014364275164175,0.3427297708285468,0.04489110741298646,0.08261537595144389,0.1743503090777616,0.2552154641274626,0.03427297708285468
3.0,1.5,300.0,80,0.5913827370475693,0.14963702470995485,653.1809244155884,0.12824845461119203,11617752.109561715,22126673.31877194,0.29372102593077654,0.6604761896467041,0.14963702470995485,0.33614334899159165,0.871751545388808,1.7014364275164175,0.32890019181460706,0.04489110741298646,0.08403583724789791,0.1743503090777616,0.2552154641274626,0.03289001918146071
3.0,1.5,400.0,80,0.5910478463812542,0.14963702470995485,671.9825224876404,0.12824845461119203,11592789.953970673,22117984.376316454,0.29372102593077654,0.5899206342084494,0.14963702470995485,0.3397723238350009,0.871751545388808,1.7014364275164175,0.31647884804293297,0.04489110741298646,0.08494308095875022,0.1743503090777616,0.2552154641274626,0.0316478848042933
3.0,1.5,500.0,80,0.5915195972564303,0.14963702470995485,695.6058222770691,0.12824845461119203,11570559.382652871,22116302.765856266,0.29372102593077654,0.46031745965754534,0.14963702470995485,0.3459877147632173,0.871751545388808,1.7014364275164175,0.30565787947415357,0.04489110741298646,0.08649692869080433,0.1743503090777616,0.2552154641274626,0.03056578794741536
3.0,1.5,600.0,80,0.5848160373633241,0.16294778271112592,711.5057563066482,0.1178803064956458,10004161.870282851,17450608.617290102,0.4315213627693675,0.4848196242664785,0.16294778271112592,0.34342452170295534,0.8821196935043542,1.620177690831969,0.30624979798581337,0.048884334813337774,0.08585613042573884,0.17642393870087084,0.24302665362479534,0.030624979798581337
3.0,1.5,700.0,80,0.5805963361411275,0.16294778271112592,702.9572009086609,0.1178803064956458,9990978.389931729,17459847.305276744,0.4315213627693675,0.5004972799660293,0.16294778271112592,0.3293752657091754,0.8821196935043542,1.620177690831969,0.29917592574829666,0.048884334813337774,0.08234381642729385,0.17642393870087084,0.24302665362479534,0.029917592574829666
3.0,1.5,800.0,80,0.5804400458210177,0.16294778271112592,714.9121230125427,0.1178803064956458,9991697.029939491,17476421.47943505,0.4315213627693675,0.43483405430368544,0.16294778271112592,0.32935011830633193,0.8821196935043542,1.620177690831969,0.2976758910543077,0.048884334813337774,0.08233752957658298,0.17642393870087084,0.24302665362479534,0.029767589105430772
3.0,1.5,900.0,80,0.5774430129525858,0.16294778271112592,709.8155736923218,0.1178803064956458,9995628.204210727,17480993.008046865,0.4315213627693675,0.41005771959471704,0.16294778271112592,0.3196775394986767,0.8821196935043542,1.620177690831969,0.2918870093891269,0.048884334813337774,0.07991938487466918,0.17642393870087084,0.24302665362479534,0.02918870093891269
3.0,1.5,1000.0,80,0.5743280127019118,0.16294778271112592,708.8832524299621,0.1178803064956458,10019989.023939665,17502789.408966385,0.4315213627693675,0.47529581467210863,0.16294778271112592,0.3096719726479051,0.8821196935043542,1.620177690831969,0.2857509240093164,0.048884334813337774,0.07741799316197627,0.17642393870087084,0.24302665362479534,0.028575092400931642
3.0,2.0,0.0,80,0.6453384885937732,0.14271125893574207,655.965223459097,0.11651493524749121,19512340.572091676,27092323.342573654,0.26415837607117354,0.7934887326250153,0.14271125893574207,0.33491445870528197,0.8834850647525088,1.739228250601458,0.8121524569600964,0.042813377680722624,0.08372861467632049,0.17669701295050178,0.26088423759021867,0.08121524569600964
3.0,2.0,0.1,80,0.601967282461881,0.14271125893574207,655.965223459097,0.11651493524749121,15413205.632690942,27153772.824508168,0.26415837607117354,0.3717604611052291,0.14271125893574207,0.33491445870528197,0.8834850647525088,1.739228250601458,0.3784403956411756,0.042813377680722624,0.08372861467632049,0.17669701295050178,0.26088423759021867,0.03784403956411756
3.0,2.0,0.2,80,0.601967282461881,0.14271125893574207,655.965223459097,0.11651493524749121,15413205.632690942,27153772.824508168,0.26415837607117354,0.3717604611052291,0.14271125893574207,0.33491445870528197,0.8834850647525088,1.739228250601458,0.3784403956411756,0.042813377680722624,0.08372861467632049,0.17669701295050178,0.26088423759021867,0.03784403956411756
3.0,2.0,0.3,80,0.601967282461881,0.14271125893574207,655.965223459097,0.11651493524749121,15413205.632690942,27153772.824508168,0.26415837607117354,0.3717604611052291,0.14271125893574207,0.33491445870528197,0.8834850647525088,1.739228250601458,0.3784403956411756,0.042813377680722624,0.08372861467632049,0.17669701295050178,0.26088423759021867,0.03784403956411756
3.0,2.0,0.4,80,0.601967282461881,0.14271125893574207,655.965223459097,0.11651493524749121,15413205.632690942,27153772.824508168,0.26415837607117354,0.3717604611052291,0.14271125893574207,0.33491445870528197,0.8834850647525088,1.739228250601458,0.3784403956411756,0.042813377680722624,0.08372861467632049,0.17669701295050178,0.26088423759021867,0.03784403956411756
3.0,2.0,100.0,80,0.549234653164341,0.1386215722421184,613.436885012856,0.11515979594500043,11624352.457514286,22172322.351688202,0.30362130111716795,0.5484737477375461,0.1386215722421184,0.3189738623091329,0.8848402040549995,1.435898969393431,0.35551829694407605,0.041586471672635524,0.07974346557728322,0.17696804081099993,0.21538484540901465,0.03555182969440761
3.0,2.0,200.0,80,0.5479763816926686,0.1386215722421184,619.2369176164458,0.11515979594500043,11615031.233555127,22166232.09556753,0.30362130111716795,0.5525607718084399,0.1386215722421184,0.3190561868686551,0.8848402040549995,1.435898969393431,0.3427297708285468,0.041586471672635524,0.07976404671716378,0.17696804081099993,0.21538484540901465,0.03427297708285468
3.0,2.0,300.0,80,0.5478713575978379,0.1386215722421184,637.5228076403654,0.11515979594500043,11586455.64409431,22152381.9323388,0.30362130111716795,0.6604761896467041,0.1386215722421184,0.32416792209490825,0.8848402040549995,1.435898969393431,0.32890019181460706,0.041586471672635524,0.08104198052372706,0.17696804081099993,0.21538484540901465,0.03289001918146071
3.0,2.0,400.0,80,0.5455743297084622,0.1386215722421184,639.8032213042054,0.11515979594500043,11561404.768332649,22143136.890731394,0.30362130111716795,0.5899206342084494,0.1386215722421184,0.3199483480460753,0.8848402040549995,1.435898969393431,0.31647884804293297,0.041586471672635524,0.07998708701151883,0.17696804081099993,0.21538484540901465,0.0316478848042933
3.0,2.0,500.0,80,0.5474007785421081,0.1386215722421184,674.0225956107996,0.11515979594500043,11539163.722755468,22140928.86749951,0.30362130111716795,0.46031745965754534,0.1386215722421184,0.33158253080817063,0.8848402040549995,1.435898969393431,0.30565787947415357,0.041586471672635524,0.08289563270204266,0.17696804081099993,0.21538484540901465,0.03056578794741536
3.0,2.0,600.0,80,0.5215302368741079,0.14488618907053025,640.486553723299,0.10534226505005133,9096485.636443991,16548802.360038398,0.4526495680335873,0.4848196242664785,0.14488618907053025,0.3059299322346805,0.8946577349499488,1.2801691353713847,0.30624979798581337,0.043465856721159074,0.07648248305867013,0.17893154698998978,0.19202537030570768,0.030624979798581337
3.0,2.0,700.0,80,0.516922214193747,0.14488618907053025,625.7547008176393,0.10534226505005133,9081851.792159125,16553305.716739232,0.4526495680335873,0.5004972799660293,0.14488618907053025,0.2903273904082432,0.8946577349499488,1.2801691353713847,0.29917592574829666,0.043465856721159074,0.0725818476020608,0.17893154698998978,0.19202537030570768,0.029917592574829666
3.0,2.0,800.0,80,0.5158965171001306,0.14488618907053025,627.9116333345823,0.10534226505005133,9080820.381004393,16565382.12210029,0.4526495680335873,0.43483405430368544,0.14488618907053025,0.28682461591137365,0.8946577349499488,1.2801691353713847,0.2976758910543077,0.043465856721159074,0.07170615397784341,0.17893154698998978,0.19202537030570768,0.029767589105430772
3.0,2.0,900.0,80,0.5107299138590016,0.14488618907053025,600.5659232079229,0.10534226505005133,9084443.164662343,16568687.703496289,0.4526495680335873,0.41005771959471704,0.14488618907053025,0.26847375561292935,0.8946577349499488,1.2801691353713847,0.2918870093891269,0.043465856721159074,0.06711843890323234,0.17893154698998978,0.19202537030570768,0.02918870093891269
3.0,2.0,1000.0,80,0.5071526620243384,0.14488618907053025,591.4726984168909,0.10534226505005133,9108552.2991056,16589398.816589072,0.4526495680335873,0.47529581467210863,0.14488618907053025,0.25661918242620113,0.8946577349499488,1.2801691353713847,0.2857509240093164,0.043465856721159074,0.06415479560655028,0.17893154698998978,0.19202537030570768,0.028575092400931642
